time,P,I,D,ds,prox_right,left speed,right speed
1,8212.105103,5.255747,5132.565689,200.000000,921.210510,200.000000,600.000000
2,8144.210815,10.468042,-42.433929,200.000000,914.421082,200.000000,600.000000
3,7608.947144,15.337768,-334.539795,200.000000,860.894714,200.000000,600.000000
4,6965.263062,19.795537,-402.302551,200.000000,796.526306,200.000000,600.000000
5,6082.105103,23.688084,-551.973724,200.000000,708.210510,200.000000,600.000000
6,4678.947144,26.682610,-876.973724,200.000000,567.894714,200.000000,600.000000
7,3022.631531,28.617094,-1035.197258,200.000000,402.263153,200.000000,600.000000
8,2432.631531,30.173979,-368.750000,200.000000,343.263153,200.000000,600.000000
9,1872.631531,31.372463,-350.000000,200.000000,287.263153,200.000000,600.000000
10,1724.736938,32.476294,-92.434120,200.000000,272.473694,200.000000,600.000000
11,1418.947296,33.384421,-191.118526,200.000000,241.894730,200.000000,600.000000
12,1035.263214,34.046989,-239.802551,200.000000,203.526321,200.000000,600.000000
13,908.947296,34.628715,-78.947449,200.000000,190.894730,200.000000,600.000000
14,653.157959,35.046736,-159.868336,200.000000,165.315796,200.000000,600.000000
15,478.421021,35.352926,-109.210587,200.000000,147.842102,200.000000,600.000000
16,313.157959,35.553347,-103.289413,200.000000,131.315796,200.000000,600.000000
17,148.947372,35.648673,-102.631617,81.964429,114.894737,318.035571,481.964429
18,-32.631607,35.627789,-113.486862,-110.490680,96.736839,510.490680,289.509320
19,-75.263138,35.579621,-26.644707,-66.328224,92.473686,466.328224,333.671776
20,-97.894745,35.516968,-14.144754,-76.522531,90.210526,476.522531,323.477469
21,-154.736862,35.417936,-35.526323,-154.845249,84.526314,554.845249,245.154751
22,-145.789490,35.324631,5.592108,-104.872751,85.421051,504.872751,295.127249
23,-204.210510,35.193936,-36.513138,-200.000000,79.578949,600.000000,200.000000
24,-226.315765,35.049094,-13.815784,-200.000000,77.368423,600.000000,200.000000
25,-214.210510,34.912000,7.565784,-171.732726,78.578949,571.732726,228.267274
26,-193.157883,34.788379,13.157892,-145.211612,80.684212,545.211612,254.788388
27,-184.736862,34.670147,5.263138,-144.803577,81.526314,544.803577,255.196423
28,-216.842117,34.531368,-20.065784,-200.000000,78.315788,600.000000,200.000000
29,-213.157883,34.394947,2.302647,-176.460289,78.684212,576.460289,223.539711
30,-256.315765,34.230905,-26.973677,-200.000000,74.368423,600.000000,200.000000
31,-208.947372,34.097179,29.605246,-145.244948,79.105263,545.244948,254.755052
32,-201.578979,33.968168,4.605246,-163.005566,79.842102,563.005566,236.994434
33,-251.578979,33.807157,-31.250000,-200.000000,74.842102,600.000000,200.000000
34,-184.736862,33.688926,41.776323,-109.271613,81.526314,509.271613,290.728387
35,-222.631607,33.546442,-23.684216,-200.000000,77.736839,600.000000,200.000000
36,-172.631607,33.435957,31.250000,-107.945650,82.736839,507.945650,292.054350
37,-192.631607,33.312673,-12.500000,-171.818934,80.736839,571.818934,228.181066
38,-180.526352,33.197136,7.565784,-139.763431,81.947365,539.763431,260.236569
39,-202.631607,33.067452,-13.815784,-183.379939,79.736839,583.379939,216.620061
40,-182.105255,32.950905,12.828970,-136.325380,81.789474,536.325380,263.674620
41,-166.315765,32.844463,9.868431,-123.602872,83.368423,523.602872,276.397128
42,-183.157883,32.727242,-10.526323,-160.956964,81.684212,560.956964,239.043036
43,-137.368393,32.639326,28.618431,-76.110636,86.263161,476.110636,323.889364
44,-198.947372,32.512000,-38.486862,-200.000000,80.105263,600.000000,200.000000
45,-177.894745,32.398147,13.157892,-132.338706,82.210526,532.338706,267.661294
46,-218.947372,32.258021,-25.657892,-200.000000,78.105263,600.000000,200.000000
47,-182.631607,32.141136,22.697353,-127.793117,81.736839,527.793117,272.206883
48,-134.736862,32.054905,29.934216,-72.747742,86.526314,472.747742,327.252258
49,-100.000000,31.990905,21.710539,-46.298556,90.000000,446.298556,353.701444
50,-118.421021,31.915115,-11.513138,-98.019043,88.157898,498.019043,301.980957
51,-101.052628,31.850442,10.855246,-58.346940,89.894737,458.346940,341.653060
52,-72.631607,31.803957,17.763138,-23.064512,92.736839,423.064512,376.935488
53,-70.000000,31.759157,1.644754,-36.596088,93.000000,436.596088,363.403912
54,-73.684235,31.711999,-2.302647,-44.274882,92.631577,444.274882,355.725118
55,8.947372,31.717726,51.644754,92.309853,100.894737,307.690147,492.309853
56,-18.421021,31.705936,-17.105246,-3.820330,98.157898,403.820330,396.179670
57,37.368393,31.729852,34.868383,103.966628,103.736839,296.033372,503.966628
58,75.789490,31.778357,24.013186,131.581033,107.578949,268.418967,531.581033
59,38.947372,31.803284,-23.026323,47.724333,103.894737,352.275667,447.724333
60,112.105255,31.875031,45.723677,189.703963,111.210526,210.296037,589.703963
61,188.421021,31.995621,47.697353,200.000000,118.842102,200.000000,600.000000
62,161.052628,32.098694,-17.105246,176.046076,116.105263,223.953924,576.046076
63,261.052628,32.265768,62.500000,200.000000,126.105263,200.000000,600.000000
64,230.526352,32.413305,-19.078922,200.000000,123.052635,200.000000,600.000000
65,222.631607,32.555789,-4.934216,200.000000,122.263161,200.000000,600.000000
66,242.631607,32.711073,12.500000,200.000000,124.263161,200.000000,600.000000
67,212.631607,32.847157,-18.750000,200.000000,121.263161,200.000000,600.000000
68,175.789490,32.959663,-23.026323,185.722829,117.578949,214.277171,585.722829
69,62.631607,32.999747,-70.723677,24.907677,106.263161,375.092323,424.907677
70,122.105255,33.077894,37.171030,192.354179,112.210526,207.645821,592.354179
71,127.368393,33.159410,3.289461,163.817264,112.736839,236.182736,563.817264
72,52.631607,33.193094,-46.710491,39.114210,105.263161,360.885790,439.114210
73,78.947372,33.243621,16.447353,128.638346,107.894737,271.361654,528.638346
74,-9.473648,33.237557,-55.263138,-31.499228,99.052635,431.499228,368.500772
75,32.631607,33.258442,26.315784,92.205833,103.263161,307.794167,492.205833
76,-30.526352,33.238905,-39.473724,-36.761171,96.947365,436.761171,363.238829
77,-113.684235,33.166147,-51.973677,-132.491764,88.631577,532.491764,267.508236
78,-45.263138,33.137179,42.763186,30.637226,95.473686,369.362774,430.637226
79,-70.000000,33.092379,-15.460539,-52.368160,93.000000,452.368160,347.631840
80,-113.157883,33.019957,-26.973677,-107.111602,88.684212,507.111602,292.888398
81,-90.526352,32.962021,14.144707,-43.419625,90.947365,443.419625,356.580375
82,-118.421021,32.886231,-17.434168,-102.968957,88.157898,502.968957,297.031043
83,-83.684235,32.832673,21.710491,-29.141070,91.631577,429.141070,370.858930
84,-72.631607,32.786189,6.907892,-32.937526,92.736839,432.937526,367.062474
85,-92.105255,32.727242,-12.171030,-71.549044,90.789474,471.549044,328.450956
86,-38.947372,32.702315,33.223677,26.978620,96.105263,373.021380,426.978620
87,-107.894745,32.633263,-43.092108,-118.353590,89.210526,518.353590,281.646410
88,-70.000000,32.588463,23.684216,-13.727322,93.000000,413.727322,386.272678
89,-84.210510,32.534568,-8.881569,-60.557511,91.578949,460.557511,339.442489
90,-95.263138,32.473600,-6.907892,-69.697430,90.473686,469.697430,330.302570
91,-91.052628,32.415326,2.631569,-56.005733,90.894737,456.005733,343.994267
92,-107.894745,32.346273,-10.526323,-86.074795,89.210526,486.074795,313.925205
93,-94.210510,32.285979,8.552647,-53.371885,90.578949,453.371885,346.628115
94,-83.684235,32.232421,6.578922,-44.872892,91.631577,444.872892,355.127108
95,-112.105255,32.160673,-17.763138,-97.707720,88.789474,497.707720,302.292280
96,-114.736862,32.087242,-1.644754,-84.294375,88.526314,484.294375,315.705625
97,-73.684235,32.040084,25.657892,-15.986259,92.631577,415.986259,384.013741
98,-162.105255,31.936336,-55.263138,-185.432057,83.789474,585.432057,214.567943
99,-52.631607,31.902652,68.421030,47.692075,94.736839,352.307925,447.692075
100,-98.421021,31.839663,-28.618383,-95.199741,90.157898,495.199741,304.800259
101,-124.736862,31.759831,-16.447401,-109.424432,87.526314,509.424432,290.575568
102,-104.210510,31.693136,12.828970,-59.688404,89.578949,459.688404,340.311596
103,-51.052628,31.660463,33.223677,13.831512,94.894737,386.168488,413.831512
104,-44.736862,31.631831,3.947353,-9.157678,95.526314,409.157678,390.842322
105,-63.684235,31.591073,-11.842108,-43.935269,93.631577,443.935269,356.064731
106,-22.105255,31.576926,25.986862,35.458533,97.789474,364.541467,435.458533
107,-22.631607,31.562442,-0.328970,8.601865,97.736839,391.398135,408.601865
108,-48.421021,31.531452,-16.118383,-33.007952,95.157898,433.007952,366.992048
109,-17.368393,31.520336,19.407892,33.559836,98.263161,366.440164,433.559836
110,-21.052628,31.506863,-2.302647,8.151588,97.894737,391.848412,408.151588
111,-32.105255,31.486315,-6.907892,-7.526832,96.789474,407.526832,392.473168
112,-20.000000,31.473515,7.565784,19.039300,98.000000,380.960700,419.039300
113,16.842117,31.484294,23.026323,71.352735,101.684212,328.647265,471.352735
114,-16.842117,31.473515,-21.052647,-6.421249,98.315788,406.421249,393.578751
115,107.368393,31.542231,77.631569,200.000000,110.736839,200.000000,600.000000
116,-31.052628,31.522357,-86.513138,-86.043408,96.894737,486.043408,313.956592
117,7.368393,31.527073,24.013138,62.908604,100.736839,337.091396,462.908604
118,86.842117,31.582652,49.671078,168.095847,108.684212,231.904153,568.095847
119,59.473648,31.620715,-17.105293,73.989070,105.947365,326.010930,473.989070
120,42.631607,31.648000,-10.526276,63.753331,104.263161,336.246669,463.753331
121,55.263138,31.683368,7.894707,94.841212,105.526314,305.158788,494.841212
122,25.263138,31.699536,-18.750000,38.212674,102.526314,361.787326,438.212674
123,15.263138,31.709305,-6.250000,40.722443,101.526314,359.277557,440.722443
124,-0.526352,31.708968,-9.868431,21.314185,99.947365,378.685815,421.314185
125,13.157883,31.717389,8.552647,53.427918,101.315788,346.572082,453.427918
126,41.578979,31.743999,17.763186,91.086164,104.157898,308.913836,491.086164
127,-55.263138,31.708631,-60.526323,-84.080830,94.473686,484.080830,315.919170
128,12.631607,31.716715,42.434216,86.782538,101.263161,313.217462,486.782538
129,7.368393,31.721431,-3.289509,35.800315,100.736839,364.199685,435.800315
130,-16.842117,31.710652,-15.131569,-0.263034,98.315788,400.263034,399.736966
131,-4.736862,31.707621,7.565784,34.536543,99.526314,365.463457,434.536543
132,-12.631607,31.699536,-4.934216,14.133714,98.736839,385.866286,414.133714
133,-72.105255,31.653389,-37.171030,-77.622896,92.789474,477.622896,322.377104
134,-56.842117,31.617010,9.539461,-15.685646,94.315788,415.685646,384.314354
135,-57.368393,31.580294,-0.328922,-26.117021,94.263161,426.117021,373.882979
136,-13.684235,31.571536,27.302599,45.189901,98.631577,354.810099,445.189901
137,-69.473648,31.527073,-34.868383,-72.814958,93.052635,472.814958,327.185042
138,-13.157883,31.518652,35.197353,53.558123,98.684212,346.441877,453.558123
139,-107.368393,31.449936,-58.881569,-134.800026,89.263161,534.800026,265.199974
140,-81.578979,31.397726,16.118383,-34.062870,91.842102,434.062870,365.937130
141,-76.842117,31.348547,2.960539,-42.533032,92.315788,442.533032,357.466968
142,-81.578979,31.296336,-2.960539,-53.243182,91.842102,453.243182,346.756818
143,-63.684235,31.255578,11.184216,-21.244441,93.631577,421.244441,378.755559
144,-36.315765,31.232336,17.105293,12.021864,96.368423,387.978136,412.021864
145,-39.473648,31.207073,-1.973677,-10.240252,96.052635,410.240252,389.759748
146,-115.263138,31.133305,-47.368431,-131.498264,88.473686,531.498264,268.501736
147,-80.000000,31.082105,22.039461,-26.878434,92.000000,426.878434,373.121566
148,-86.315765,31.026863,-3.947353,-59.236256,91.368423,459.236256,340.763744
149,-56.315765,30.990821,18.750000,-6.574945,94.368423,406.574945,393.425055
150,-61.052628,30.951747,-2.960539,-33.061420,93.894737,433.061420,366.938580
151,-70.526352,30.906610,-5.921078,-45.540820,92.947365,445.540820,354.459180
152,-13.684235,30.897852,35.526323,52.739941,98.631577,347.260059,452.739941
153,-65.789490,30.855747,-32.565784,-67.499527,93.421051,467.499527,332.500473
154,-75.263138,30.807578,-5.921030,-50.376589,92.473686,450.376589,349.623411
155,-65.789490,30.765473,5.921030,-29.102987,93.421051,429.102987,370.897013
156,-21.578979,30.751663,27.631569,36.804252,97.842102,363.195748,436.804252
157,-59.473648,30.713599,-23.684168,-52.444216,94.052635,452.444216,347.555784
158,-27.894745,30.695747,19.736814,22.537816,97.210526,377.462184,422.537816
159,-48.947372,30.664421,-13.157892,-31.440844,95.105263,431.440844,368.559156
160,35.789490,30.687326,52.960539,119.437354,103.578949,280.562646,519.437354
161,-72.105255,30.641178,-67.434216,-108.898292,92.789474,508.898292,291.101708
162,-23.157883,30.626357,30.592108,38.060582,97.684212,361.939418,438.060582
163,-65.789490,30.584252,-26.644754,-61.849992,93.421051,461.849992,338.150008
164,21.052628,30.597726,54.276323,105.926677,102.105263,294.073323,505.926677
165,48.947372,30.629052,17.434216,97.010640,104.894737,302.989360,497.010640
166,-4.736862,30.626021,-33.552647,-7.663488,99.526314,407.663488,392.336512
167,-4.736862,30.622989,0.000000,25.886127,99.526314,374.113873,425.886127
168,8.421021,30.628378,8.223677,47.273076,100.842102,352.726924,447.273076
169,-17.894745,30.616926,-16.447353,-3.725173,98.210526,403.725173,396.274827
170,8.947372,30.622652,16.776323,56.346348,100.894737,343.653652,456.346348
171,-14.736862,30.613220,-14.802647,1.073712,98.526314,398.926288,401.073712
172,-18.421021,30.601431,-2.302599,9.877812,98.157898,390.122188,409.877812
173,61.578979,30.640842,50.000000,142.219821,106.157898,257.780179,542.219821
174,41.052628,30.667115,-12.828970,58.890773,104.105263,341.109227,458.890773
175,-14.736862,30.657684,-34.868431,-18.947610,98.526314,418.947610,381.052390
176,-41.052628,30.631410,-16.447353,-26.868571,95.894737,426.868571,373.131429
177,-13.684235,30.622652,17.105246,34.043663,98.631577,365.956337,434.043663
178,-2.631607,30.620968,6.907892,34.897253,99.736839,365.102747,434.897253
179,-2.631607,30.619284,0.000000,27.987677,99.736839,372.012323,427.987677
180,15.789490,30.629389,11.513186,57.932064,101.578949,342.067936,457.932064
181,-20.526352,30.616252,-22.697401,-12.607501,97.947365,412.607501,387.392499
182,-4.736862,30.613220,9.868431,35.744789,99.526314,364.255211,435.744789
183,33.684235,30.634778,24.013186,88.332198,103.368423,311.667802,488.332198
184,-33.157883,30.613557,-41.776323,-44.320649,96.684212,444.320649,355.679351
185,-42.105255,30.586610,-5.592108,-17.110753,95.789474,417.110753,382.889247
186,-35.789490,30.563705,3.947353,-1.278432,96.421051,401.278432,398.721568
187,-84.210510,30.509810,-30.263138,-83.963838,91.578949,483.963838,316.036162
188,-35.263138,30.487242,30.592108,25.816211,96.473686,374.183789,425.816211
189,-68.947372,30.443115,-21.052647,-59.556904,93.105263,459.556904,340.443096
190,-88.421021,30.386526,-12.171030,-70.205525,91.157898,470.205525,329.794475
191,-69.473648,30.342063,11.842108,-27.289478,93.052635,427.289478,372.710522
192,-27.368393,30.324547,26.315784,29.271938,97.263161,370.728062,429.271938
193,-28.421021,30.306357,-0.657892,1.227445,97.157898,398.772555,401.227445
194,-56.315765,30.270315,-17.434216,-43.479666,94.368423,443.479666,356.520334
195,-83.157883,30.217094,-16.776323,-69.717112,91.684212,469.717112,330.282888
196,-36.315765,30.193852,29.276323,23.154410,96.368423,376.845590,423.154410
197,-66.315765,30.151410,-18.750000,-54.914355,93.368423,454.914355,345.085645
198,-31.578979,30.131200,21.710491,20.262711,96.842102,379.737289,420.262711
199,-61.578979,30.091789,-18.750000,-50.237191,93.842102,450.237191,349.762809
200,-53.157883,30.057768,5.263186,-17.836929,94.684212,417.836929,382.163071
201,-61.578979,30.018357,-5.263186,-36.823808,93.842102,436.823808,363.176192
202,-23.684235,30.003199,23.684216,30.003180,97.631577,369.996820,430.003180
203,-75.789490,29.954694,-32.565784,-78.400580,92.421051,478.400580,321.599420
204,-48.947372,29.923368,16.776323,-2.247681,95.105263,402.247681,397.752319
205,4.736862,29.926399,33.552647,68.215908,100.473686,331.784092,468.215908
206,-37.368393,29.902484,-26.315784,-33.781694,96.263161,433.781694,366.218306
207,-55.263138,29.867115,-11.184216,-36.580238,94.473686,436.580238,363.419762
208,-33.684235,29.845557,13.486814,9.648137,96.631577,390.351863,409.648137
209,-77.894745,29.795705,-27.631569,-75.730609,92.210526,475.730609,324.269391
210,-50.526352,29.763368,17.105246,-3.657738,94.947365,403.657738,396.342262
211,-47.368393,29.733052,1.973724,-15.661616,95.263161,415.661616,384.338384
212,-43.157883,29.705431,2.631569,-10.820883,95.684212,410.820883,389.179117
213,-95.263138,29.644463,-32.565784,-98.184460,90.473686,498.184460,301.815540
214,2.105255,29.645810,60.855246,92.606311,100.210526,307.393689,492.606311
215,-55.789490,29.610105,-36.184216,-62.363601,94.421051,462.363601,337.636399
216,-15.263138,29.600336,25.328970,39.666168,98.473686,360.333832,439.666168
217,-61.052628,29.561263,-28.618431,-60.109796,93.894737,460.109796,339.890204
218,-15.263138,29.551494,28.618431,42.906788,98.473686,357.093212,442.906788
219,-3.684235,29.549136,7.236814,33.101716,99.631577,366.898284,433.101716
220,33.157883,29.570357,23.026323,85.754563,103.315788,314.245437,485.754563
221,46.315765,29.599999,8.223677,84.139442,104.631577,315.860558,484.139442
222,-12.105255,29.592252,-36.513138,-19.026141,98.789474,419.026141,380.973859
223,23.684235,29.607410,22.368431,75.660076,102.368423,324.339924,475.660076
224,17.894745,29.618863,-3.618431,43.895176,101.789474,356.104824,443.895176
225,19.473648,29.631326,0.986814,50.091788,101.947365,349.908212,450.091788
226,3.684235,29.633684,-9.868383,23.449535,100.368423,376.550465,423.449535
227,-0.526352,29.633347,-2.631617,26.475378,99.947365,373.524622,426.475378
228,-38.947372,29.608421,-24.013138,-33.352090,96.105263,433.352090,366.647910
229,4.210510,29.611115,26.973677,60.795302,100.421051,339.204698,460.795302
230,-2.631607,29.609431,-4.276323,22.701501,99.736839,377.298499,422.701501
231,-2.105255,29.608084,0.328970,27.831798,99.789474,372.168202,427.831798
232,-23.684235,29.592926,-13.486862,-7.578171,97.631577,407.578171,392.421829
233,-22.105255,29.578778,0.986862,8.460385,97.789474,391.539615,408.460385
234,-4.736862,29.575747,10.855246,35.694130,99.526314,364.305870,435.694130
235,-28.947372,29.557220,-15.131569,-14.521721,97.105263,414.521721,385.478279
236,-31.052628,29.537347,-1.315784,-2.831065,96.894737,402.831065,397.168935
237,-31.578979,29.517136,-0.328970,-2.390813,96.842102,402.390813,397.609187
238,-86.842117,29.461557,-34.539461,-91.920021,91.315788,491.920021,308.079979
239,-6.842117,29.457178,50.000000,72.615061,99.315788,327.384939,472.615061
240,-78.947372,29.406652,-45.065784,-94.606505,92.105263,494.606505,305.393495
241,-41.578979,29.380041,23.355246,11.156308,95.842102,388.843692,411.156308
242,-57.368393,29.343326,-9.868383,-37.893451,94.263161,437.893451,362.106549
243,-67.894745,29.299873,-6.578970,-45.173842,93.210526,445.173842,354.826158
244,-63.684235,29.259115,2.631569,-31.793551,93.631577,431.793551,368.206449
245,-76.842117,29.209936,-8.223677,-55.855858,92.315788,455.855858,344.144142
246,-40.000000,29.184336,23.026323,12.210660,96.000000,387.789340,412.210660
247,-44.210510,29.156041,-2.631569,-17.686038,95.578949,417.686038,382.313962
248,-75.263138,29.107873,-19.407892,-65.563157,92.473686,465.563157,334.436843
249,-41.578979,29.081263,21.052599,8.554882,95.842102,391.445118,408.554882
250,10.526352,29.087999,32.565832,72.180183,101.052635,327.819817,472.180183
251,-40.000000,29.062399,-31.578970,-42.516571,96.000000,442.516571,357.483429
252,-41.052628,29.036126,-0.657892,-12.674394,95.894737,412.674394,387.325606
253,-42.105255,29.009178,-0.657892,-13.753969,95.789474,413.753969,386.246031
254,-28.421021,28.990989,8.552647,9.122615,97.157898,390.877385,409.122615
255,13.684235,28.999747,26.315784,68.999766,101.368423,331.000234,468.999766
256,-16.315765,28.989305,-18.750000,-6.076461,98.368423,406.076461,393.923539
257,-30.000000,28.970105,-8.552647,-9.582542,97.000000,409.582542,390.417458
258,33.157883,28.991326,39.473677,101.622885,103.315788,298.377115,501.622885
259,-48.421021,28.960336,-50.986814,-70.447499,95.157898,470.447499,329.552501
260,-25.263138,28.944168,14.473677,18.154707,97.473686,381.845293,418.154707
261,-42.631607,28.916884,-10.855293,-24.570017,95.736839,424.570017,375.429983
262,-10.000000,28.910484,20.394754,39.305238,99.000000,360.694762,439.305238
263,-20.000000,28.897684,-6.250000,2.647684,98.000000,397.352316,402.647684
264,37.368393,28.921599,35.855246,102.145238,103.736839,297.854762,502.145238
265,-20.526352,28.908463,-36.184216,-27.802105,97.947365,427.802105,372.197895
266,1.052628,28.909136,13.486862,43.448626,100.105263,356.551374,443.448626
267,-53.157883,28.875115,-33.881569,-58.164336,94.684212,458.164336,341.835664
268,-46.315765,28.845473,4.276323,-13.193969,95.368423,413.193969,386.806031
269,-36.315765,28.822231,6.250000,-1.243534,96.368423,401.243534,398.756466
270,-65.263138,28.780463,-18.092108,-54.574783,93.473686,454.574783,345.425217
271,-0.526352,28.780126,40.460491,68.714265,99.947365,331.285735,468.714265
272,-37.894745,28.755873,-23.355246,-32.494117,96.210526,432.494117,367.505883
273,3.157883,28.757894,25.657892,57.573669,100.315788,342.426331,457.573669
274,-71.052628,28.712420,-46.381569,-88.721776,92.894737,488.721776,311.278224
275,-3.157883,28.710399,42.434216,67.986732,99.684212,332.013268,467.986732
276,-15.263138,28.700631,-7.565784,5.871709,98.473686,394.128291,405.871709
277,-57.894745,28.663578,-26.644754,-55.875921,94.210526,455.875921,344.124079
278,-66.842117,28.620799,-5.592108,-43.813426,93.315788,443.813426,356.186574
279,21.052628,28.634273,54.934216,104.621116,102.105263,295.378884,504.621116
280,-40.526352,28.608336,-38.486862,-50.404878,95.947365,450.404878,349.595122
281,-133.157883,28.523115,-57.894707,-162.529474,86.684212,562.529474,237.470526
282,-13.157883,28.514694,75.000000,90.356811,98.684212,309.643189,490.356811
283,-55.263138,28.479326,-26.315784,-53.099597,94.473686,453.099597,346.900403
284,-4.210510,28.476631,31.907892,56.174013,99.578949,343.825987,456.174013
285,11.052628,28.483705,9.539461,49.075793,101.105263,350.924207,449.075793
286,-36.842117,28.460126,-29.934216,-38.316207,96.315788,438.316207,361.683793
287,-41.052628,28.433852,-2.631569,-15.250344,95.894737,415.250344,384.749656
288,-7.894745,28.428799,20.723677,41.257731,99.210526,358.742269,441.257731
289,-66.315765,28.386357,-36.513138,-74.442546,93.368423,474.442546,325.557454
290,-56.842117,28.349978,5.921030,-22.571109,94.315788,422.571109,377.428891
291,-23.157883,28.335157,21.052647,26.229921,97.684212,373.770079,426.229921
292,-46.315765,28.305515,-14.473677,-32.483927,95.368423,432.483927,367.516073
293,-56.842117,28.269136,-6.578970,-35.151951,94.315788,435.151951,364.848049
294,6.842117,28.273515,39.802647,74.918279,100.684212,325.081721,474.918279
295,-37.368393,28.249599,-27.631569,-36.750362,96.263161,436.750362,363.249638
296,-25.789490,28.233094,7.236814,9.680419,97.421051,390.319581,409.680419
297,-38.947372,28.208168,-8.223677,-18.962881,96.105263,418.962881,381.037119
298,17.368393,28.219284,35.197353,80.785030,101.736839,319.214970,480.785030
299,-70.000000,28.174484,-54.605246,-96.430762,93.000000,496.430762,303.569238
300,13.157883,28.182905,51.973677,93.314464,101.315788,306.685536,493.314464
301,-41.578979,28.156294,-34.210539,-47.633224,95.842102,447.633224,352.366776
302,-12.105255,28.148547,18.421078,34.464369,98.789474,365.535631,434.464369
303,18.421021,28.160336,19.078922,65.660279,101.842102,334.339721,465.660279
304,-8.947372,28.154610,-17.105246,2.101992,99.105263,397.898008,402.101992
305,-30.000000,28.135410,-13.157892,-15.022482,97.000000,415.022482,384.977518
306,15.263138,28.145178,28.289461,71.697777,101.526314,328.302223,471.697777
307,-19.473648,28.132715,-21.710491,-13.051424,98.052635,413.051424,386.948576
308,-23.157883,28.117894,-2.302647,2.657365,97.684212,397.342635,402.657365
309,-15.789490,28.107789,4.605246,16.923545,98.421051,383.076455,416.923545
310,-57.368393,28.071073,-25.986814,-55.284134,94.263161,455.284134,344.715866
311,-17.894745,28.059620,24.671030,34.835906,98.210526,365.164094,434.835906
312,-39.473648,28.034357,-13.486814,-24.926105,96.052635,424.926105,375.073895
313,-64.210510,27.993263,-15.460539,-51.677787,93.578949,451.677787,348.322213
314,-18.947372,27.981136,28.289461,37.323225,98.105263,362.676775,437.323225
315,-17.894745,27.969684,0.657892,10.732831,98.210526,389.267169,410.732831
316,-63.684235,27.928926,-28.618431,-64.373740,93.631577,464.373740,335.626260
317,-56.315765,27.892884,4.605293,-23.817588,94.368423,423.817588,376.182412
318,-77.894745,27.843031,-13.486862,-63.538576,92.210526,463.538576,336.461424
319,-14.210510,27.833936,39.802647,53.426073,98.578949,346.573927,453.426073
320,-18.421021,27.822147,-2.631569,6.769557,98.157898,393.230443,406.769557
321,-16.842117,27.811368,0.986814,11.956065,98.315788,388.043935,411.956065
322,-55.263138,27.775999,-24.013138,-51.500276,94.473686,451.500276,348.499724
323,-28.947372,27.757473,16.447353,15.257454,97.105263,384.742546,415.257454
324,-7.894745,27.752421,13.157892,33.015568,99.210526,366.984432,433.015568
325,-44.210510,27.724126,-22.697353,-39.183738,95.578949,439.183738,360.816262
326,-24.736862,27.708294,12.171030,15.142462,97.526314,384.857538,415.142462
327,-31.052628,27.688421,-3.947353,-7.311560,96.894737,407.311560,392.688440
328,13.684235,27.697178,27.960539,69.341952,101.368423,330.658048,469.341952
329,15.263138,27.706947,0.986814,43.956899,101.526314,356.043101,443.956899
330,-1.578979,27.705936,-10.526323,15.600633,99.842102,384.399367,415.600633
331,15.263138,27.715705,10.526323,53.505166,101.526314,346.494834,453.505166
332,-35.263138,27.693136,-31.578922,-39.148924,96.473686,439.148924,360.851076
333,-9.473648,27.687073,16.118431,34.331856,99.052635,365.668144,434.331856
334,-7.894745,27.682021,0.986814,20.774090,99.210526,379.225910,420.774090
335,-45.263138,27.653052,-23.355246,-40.965331,95.473686,440.965331,359.034669
336,-16.315765,27.642610,18.092108,29.418952,98.368423,370.581048,429.418952
337,-38.947372,27.617684,-14.144754,-25.474443,96.105263,425.474443,374.525557
338,-3.157883,27.615663,22.368431,46.826211,99.684212,353.173789,446.826211
339,-1.578979,27.614652,0.986814,27.022487,99.842102,372.977513,427.022487
340,-42.631607,27.587368,-25.657892,-40.702131,95.736839,440.702131,359.297869
341,-12.631607,27.579284,18.750000,33.697677,98.736839,366.302323,433.697677
342,-36.842117,27.555705,-15.131569,-24.417982,96.315788,424.417982,375.582018
343,-54.210510,27.521010,-10.855246,-37.544746,94.578949,437.544746,362.455254
344,-47.368393,27.490694,4.276323,-15.601375,95.263161,415.601375,384.398625
345,3.157883,27.492715,31.578922,62.229520,100.315788,337.770480,462.229520
346,-50.526352,27.460378,-33.552647,-56.618620,94.947365,456.618620,343.381380
347,-78.421021,27.410189,-17.434168,-68.444999,92.157898,468.444999,331.555001
348,30.526352,27.429726,68.092108,126.048185,103.052635,273.951815,526.048185
349,-66.842117,27.386947,-60.855293,-100.310464,93.315788,500.310464,299.689536
350,-57.894745,27.349894,5.592108,-24.952743,94.210526,424.952743,375.047257
351,-35.789490,27.326989,13.815784,5.353284,96.421051,394.646716,405.353284
352,-21.052628,27.313515,9.210539,15.471427,97.894737,384.528573,415.471427
353,-16.842117,27.302736,2.631569,13.092188,98.315788,386.907812,413.092188
354,-60.526352,27.263999,-27.302647,-60.564999,93.947365,460.564999,339.435001
355,-33.684235,27.242442,16.776323,10.334530,96.631577,389.665470,410.334530
356,-67.368393,27.199326,-21.052599,-61.221666,93.263161,461.221666,338.778334
357,2.631607,27.201010,43.750000,73.582617,100.263161,326.417383,473.582617
358,-59.473648,27.162947,-38.815784,-71.126486,94.052635,471.126486,328.873514
359,-80.526352,27.111410,-13.157940,-66.572882,91.947365,466.572882,333.427118
360,-58.947372,27.073684,13.486862,-18.386827,94.105263,418.386827,381.613173
361,-40.000000,27.048084,11.842108,-1.109809,96.000000,401.109809,398.890191
362,-64.736862,27.006652,-15.460539,-53.190749,93.526314,453.190749,346.809251
363,-3.684235,27.004294,38.157892,61.477952,99.631577,338.522048,461.477952
364,14.210510,27.013389,11.184216,52.408115,101.421051,347.591885,452.408115
365,29.473648,27.032252,9.539461,66.045361,102.947365,333.954639,466.045361
366,-15.789490,27.022147,-28.289461,-17.056804,98.421051,417.056804,382.943196
367,-8.421021,27.016757,4.605293,23.201030,99.157898,376.798970,423.201030
368,-27.368393,26.999242,-11.842108,-12.211259,97.263161,412.211259,387.788741
369,-80.000000,26.948042,-32.894754,-85.946713,92.000000,485.946713,314.053287
370,-17.894745,26.936589,38.815784,47.857628,98.210526,352.142372,447.857628
371,5.789490,26.940294,14.802647,47.532431,100.578949,352.467569,447.532431
372,-26.315765,26.923452,-20.065784,-19.458098,97.368423,419.458098,380.541902
373,-24.736862,26.907620,0.986814,3.157573,97.526314,396.842427,403.157573
374,-4.210510,26.904926,12.828970,35.523385,99.578949,364.476615,435.523385
375,11.578979,26.912336,9.868431,48.359747,101.157898,351.640253,448.359747
376,-60.526352,26.873599,-45.065832,-78.718585,93.947365,478.718585,321.281415
377,-16.315765,26.863157,27.631617,38.179009,98.368423,361.820991,438.179009
378,-14.210510,26.854063,1.315784,13.959337,98.578949,386.040663,413.959337
379,-50.000000,26.822063,-22.368431,-45.546368,95.000000,445.546368,354.453632
380,-6.842117,26.817684,26.973677,46.949243,99.315788,353.050757,446.949243
381,-3.684235,26.815326,1.973677,25.104768,99.631577,374.895232,425.104768
382,-55.789490,26.779620,-32.565784,-61.575654,94.421051,461.575654,338.424346
383,-60.526352,26.740884,-2.960539,-36.746007,93.947365,436.746007,363.253993
384,3.157883,26.742905,39.802647,69.703434,100.315788,330.296566,469.703434
385,-6.315765,26.738863,-5.921030,14.502067,99.368423,385.497933,414.502067
386,-26.315765,26.722020,-12.500000,-12.093745,97.368423,412.093745,387.906255
387,-18.421021,26.710231,4.934216,13.223426,98.157898,386.776574,413.223426
388,14.210510,26.719326,20.394707,61.324543,101.421051,338.675457,461.324543
389,-3.157883,26.717305,-10.855246,12.704176,99.684212,387.295824,412.704176
390,-48.421021,26.686315,-28.289461,-50.024166,95.157898,450.024166,349.975834
391,-56.842117,26.649936,-5.263186,-35.455367,94.315788,435.455367,364.544633
392,-56.315765,26.613894,0.328970,-29.372901,94.368423,429.372901,370.627099
393,-31.052628,26.594021,15.789461,11.330854,96.894737,388.669146,411.330854
394,-29.473648,26.575157,0.986862,-1.911629,97.052635,401.911629,398.088371
395,-7.368393,26.570442,13.815784,33.017833,99.263161,366.982167,433.017833
396,-42.105255,26.543494,-21.710539,-37.272300,95.789474,437.272300,362.727700
397,1.052628,26.544168,26.973677,54.570472,100.105263,345.429528,454.570472
398,-38.947372,26.519242,-25.000000,-37.428131,96.105263,437.428131,362.571869
399,-30.000000,26.500042,5.592108,2.092149,97.000000,397.907851,402.092149
400,-13.157883,26.491621,10.526323,23.860061,98.684212,376.139939,423.860061
401,-5.263138,26.488252,4.934216,26.159330,99.473686,373.840670,426.159330
402,1.578979,26.489263,4.276323,32.344566,100.157898,367.655434,432.344566
403,-27.368393,26.471747,-18.092108,-18.988754,97.263161,418.988754,381.011246
404,-8.421021,26.466357,11.842108,29.887445,99.157898,370.112555,429.887445
405,-46.315765,26.436715,-23.684216,-43.563266,95.368423,443.563266,356.436734
406,-23.157883,26.421894,14.473677,17.737688,97.684212,382.262312,417.737688
407,-28.947372,26.403368,-3.618431,-6.162436,97.105263,406.162436,393.837564
408,-88.421021,26.346779,-37.171030,-99.245272,91.157898,499.245272,300.754728
409,-72.105255,26.300631,10.197353,-35.607271,92.789474,435.607271,364.392729
410,-36.842117,26.277052,22.039461,11.474396,96.315788,388.525604,411.474396
411,-35.263138,26.254484,0.986862,-8.021792,96.473686,408.021792,391.978208
412,-50.000000,26.222484,-9.210539,-32.988055,95.000000,432.988055,367.011945
413,-57.894745,26.185431,-4.934216,-36.643529,94.210526,436.643529,363.356471
414,-64.736862,26.144000,-4.276323,-42.869186,93.526314,442.869186,357.130814
415,-45.263138,26.115031,12.171078,-6.977029,95.473686,406.977029,393.022971
416,16.842117,26.125810,38.815784,81.783712,101.684212,318.216288,481.783712
417,-28.947372,26.107284,-28.618431,-31.458520,97.105263,431.458520,368.541480
418,8.947372,26.113010,23.684216,58.744598,100.894737,341.255402,458.744598
419,11.052628,26.120084,1.315784,38.488496,101.105263,361.511504,438.488496
420,1.578979,26.121094,-5.921030,21.779044,100.157898,378.220956,421.779044
421,-71.052628,26.075621,-45.394754,-90.371761,92.894737,490.371761,309.628239
422,10.000000,26.082021,50.657892,86.739913,101.000000,313.260087,486.739913
423,-36.315765,26.058779,-28.947353,-39.204340,96.368423,439.204340,360.795660
424,-5.789490,26.055073,19.078922,39.344506,99.421051,360.655494,439.344506
425,-4.736862,26.052042,0.657892,21.973072,99.526314,378.026928,421.973072
426,-41.578979,26.025431,-23.026323,-38.579872,95.842102,438.579872,361.420128
427,-11.578979,26.018021,18.750000,33.189041,98.842102,366.810959,433.189041
428,-40.000000,25.992421,-17.763138,-31.770717,96.000000,431.770717,368.229283
429,-23.157883,25.977600,10.526323,13.346040,97.684212,386.653960,413.346040
430,-22.105255,25.963452,0.657892,4.516089,97.789474,395.483911,404.516089
431,-64.210510,25.922358,-26.315784,-64.603937,93.578949,464.603937,335.396063
432,-23.157883,25.907536,25.657892,28.407546,97.684212,371.592454,428.407546
433,4.736862,25.910568,17.434216,48.081646,100.473686,351.918354,448.081646
434,4.736862,25.913600,0.000000,30.650462,100.473686,369.349538,430.650462
435,-5.789490,25.909894,-6.578970,13.541435,99.421051,386.458565,413.541435
436,-7.368393,25.905179,-0.986814,17.549971,99.263161,382.450029,417.549971
437,4.210510,25.907873,7.236814,37.355198,100.421051,362.644802,437.355198
438,12.631607,25.915958,5.263186,43.810750,101.263161,356.189250,443.810750
439,-73.684235,25.868800,-53.947401,-101.762836,92.631577,501.762836,298.237164
440,-80.526352,25.817263,-4.276323,-58.985412,91.947365,458.985412,341.014588
441,4.210510,25.819958,52.960539,82.991007,100.421051,317.008993,482.991007
442,-36.315765,25.796715,-25.328922,-35.847972,96.368423,435.847972,364.152028
443,-57.368393,25.760000,-13.157892,-44.766286,94.263161,444.766286,355.233714
444,-6.842117,25.755621,31.578922,50.492426,99.315788,349.507574,450.492426
445,-25.263138,25.739452,-11.513138,-11.036823,97.473686,411.036823,388.963177
446,-58.947372,25.701726,-21.052647,-54.298293,94.105263,454.298293,345.701707
447,-75.263138,25.653558,-10.197353,-59.806934,92.473686,459.806934,340.193066
448,-35.263138,25.630989,25.000000,15.367851,96.473686,384.632149,415.367851
449,-43.684235,25.603031,-5.263186,-23.344389,95.631577,423.344389,376.655611
450,-33.684235,25.581473,6.250000,-1.852761,96.631577,401.852761,398.147239
451,-31.052628,25.561600,1.644754,-3.846273,96.894737,403.846273,396.153727
452,-37.894745,25.537347,-4.276323,-16.633721,96.210526,416.633721,383.366279
453,37.894745,25.561600,47.368431,110.824776,103.789474,289.175224,510.824776
454,-3.157883,25.559579,-25.657892,-3.256196,99.684212,403.256196,396.743804
455,1.578979,25.560589,2.960539,30.100108,100.157898,369.899892,430.100108
456,2.105255,25.561937,0.328922,27.996114,100.210526,372.003886,427.996114
457,-65.263138,25.520168,-42.105246,-81.848215,93.473686,481.848215,318.151785
458,-45.263138,25.491200,12.500000,-7.271938,95.473686,407.271938,392.728062
459,-40.526352,25.465263,2.960491,-12.100598,95.947365,412.100598,387.899402
460,-71.052628,25.419789,-19.078922,-64.711761,92.894737,464.711761,335.288239
461,-10.526352,25.413052,37.828922,52.715623,98.947365,347.284377,452.715623
462,-32.105255,25.392505,-13.486814,-20.199565,96.789474,420.199565,379.800435
463,-2.631607,25.390821,18.421030,41.180244,99.736839,358.819756,441.180244
464,-38.421021,25.366231,-22.368383,-35.423173,96.157898,435.423173,364.576827
465,-36.842117,25.342652,0.986814,-10.512651,96.315788,410.512651,389.487349
466,-36.315765,25.319410,0.328970,-10.667385,96.368423,410.667385,389.332615
467,-31.052628,25.299537,3.289461,-2.463630,96.894737,402.463630,397.536370
468,-24.210510,25.284042,4.276323,5.349855,97.578949,394.650145,405.349855
469,0.526352,25.284379,15.460539,41.271269,100.052635,358.728731,441.271269
470,73.684235,25.331537,45.723677,144.739448,107.368423,255.260552,544.739448
471,46.842117,25.361516,-16.776323,55.427310,104.684212,344.572690,455.427310
472,4.736862,25.364547,-26.315784,3.785625,100.473686,396.214375,403.785625
473,48.947372,25.395873,27.631569,101.974815,104.894737,298.025185,501.974815
474,53.684235,25.430231,2.960539,82.075005,105.368423,317.924995,482.075005
475,75.263138,25.478400,13.486814,114.228352,107.526314,285.771648,514.228352
476,165.789490,25.584505,56.578970,200.000000,116.578949,200.000000,600.000000
477,192.105255,25.707452,16.447353,200.000000,119.210526,200.000000,600.000000
478,329.473724,25.918316,85.855293,200.000000,132.947372,200.000000,600.000000
479,422.105255,26.188463,57.894707,200.000000,142.210526,200.000000,600.000000
480,511.052704,26.515537,55.592155,200.000000,151.105270,200.000000,600.000000
481,742.105255,26.990484,144.407845,200.000000,174.210526,200.000000,600.000000
482,1129.473724,27.713347,242.105293,200.000000,212.947372,200.000000,600.000000
483,2528.947449,29.331874,874.671078,200.000000,352.894745,200.000000,600.000000
484,3965.789490,31.869979,898.026276,200.000000,496.578949,200.000000,600.000000
485,5414.210815,35.335074,905.263329,200.000000,641.421082,200.000000,600.000000
486,6185.263062,39.293642,481.907654,200.000000,718.526306,200.000000,600.000000
487,7271.052856,43.947116,678.618622,200.000000,827.105286,200.000000,600.000000
488,7562.631836,48.787200,182.236862,200.000000,856.263184,200.000000,600.000000
489,7676.842041,53.700379,71.381378,200.000000,867.684204,200.000000,600.000000
490,7972.631836,58.802864,184.868622,200.000000,897.263184,200.000000,600.000000
491,8227.894897,64.068716,159.539413,200.000000,922.789490,200.000000,600.000000
492,9304.210205,70.023411,672.697067,200.000000,1030.421021,200.000000,600.000000
493,10484.210205,76.733305,737.500000,200.000000,1148.421021,200.000000,600.000000
494,11031.578369,83.793516,342.105103,200.000000,1203.157837,200.000000,600.000000
495,11826.842041,91.362694,497.039795,200.000000,1282.684204,200.000000,600.000000
496,12131.052246,99.126568,190.131378,200.000000,1313.105225,200.000000,600.000000
497,12370.000000,107.043368,149.342346,200.000000,1337.000000,200.000000,600.000000
498,12454.736328,115.014399,52.960205,200.000000,1345.473633,200.000000,600.000000
499,12277.894287,122.872252,-110.526276,200.000000,1327.789429,200.000000,600.000000
500,11809.473877,130.430315,-292.762756,200.000000,1280.947388,200.000000,600.000000
501,11255.789795,137.634020,-346.052551,200.000000,1225.578979,200.000000,600.000000
502,10952.105713,144.643368,-189.802551,200.000000,1195.210571,200.000000,600.000000
503,10671.052246,151.472841,-175.658417,200.000000,1167.105225,200.000000,600.000000
504,10326.842041,158.082020,-215.131378,200.000000,1132.684204,200.000000,600.000000
505,9667.368164,164.269136,-412.171173,200.000000,1066.736816,200.000000,600.000000
506,8934.210815,169.987031,-458.223343,200.000000,993.421082,200.000000,600.000000
507,8096.315918,175.168673,-523.684311,200.000000,909.631592,200.000000,600.000000
508,6527.894897,179.346526,-980.263138,200.000000,752.789490,200.000000,600.000000
509,4751.578979,182.387536,-1110.197449,200.000000,575.157898,200.000000,600.000000
510,3034.210510,184.329431,-1073.355293,200.000000,403.421051,200.000000,600.000000
511,2433.684082,185.886989,-375.329018,200.000000,343.368408,200.000000,600.000000
512,1885.789490,187.093894,-342.434120,200.000000,288.578949,200.000000,600.000000
513,1584.736938,188.108126,-188.157845,200.000000,258.473694,200.000000,600.000000
514,1219.473724,188.888589,-228.289509,200.000000,221.947372,200.000000,600.000000
515,999.473724,189.528252,-137.500000,200.000000,199.947372,200.000000,600.000000
516,667.368469,189.955368,-207.565784,200.000000,166.736847,200.000000,600.000000
517,506.842041,190.279747,-100.329018,200.000000,150.684204,200.000000,600.000000
518,336.842041,190.495326,-106.250000,200.000000,133.684204,200.000000,600.000000
519,145.263138,190.588294,-119.736814,200.000000,114.526314,200.000000,600.000000
520,23.157883,190.603115,-76.315784,137.445213,102.315788,262.554787,537.445213
521,-24.736862,190.587284,-29.934216,135.916206,97.526314,264.083794,535.916206
522,-30.000000,190.568084,-3.289461,157.278622,97.000000,242.721378,557.278622
523,-33.157883,190.546863,-1.973677,155.415303,96.684212,244.584697,555.415303
524,-146.315765,190.453220,-70.723677,-26.586222,85.368423,426.586222,373.413778
525,-166.842117,190.346442,-12.828970,10.675354,83.315788,389.324646,410.675354
526,-174.736862,190.234610,-4.934216,10.563532,82.526314,389.436468,410.563532
527,-194.210510,190.110315,-12.171030,-16.271225,80.578949,416.271225,383.728775
528,-221.578979,189.968505,-17.105293,-48.715768,77.842102,448.715768,351.284232
529,-229.473648,189.821642,-4.934168,-44.586174,77.052635,444.586174,355.413826
530,-235.789490,189.670736,-3.947401,-50.066155,76.421051,450.066155,349.933845
531,-252.631607,189.509052,-10.526323,-73.648878,74.736839,473.648878,326.351122
532,-245.263138,189.352084,4.605293,-51.305761,75.473686,451.305761,348.694239
533,-283.157883,189.170863,-23.684216,-117.671236,71.684212,517.671236,282.328764
534,-298.947372,188.979536,-9.868431,-119.836267,70.105263,519.836267,280.163733
535,-337.368393,188.763620,-24.013138,-172.617910,66.263161,572.617910,227.382090
536,-337.368393,188.547705,0.000000,-148.820688,66.263161,548.820688,251.179312
537,-352.105255,188.322357,-9.210539,-172.993437,64.789474,572.993437,227.006563
538,-363.157883,188.089936,-6.907892,-181.975839,63.684212,581.975839,218.024161
539,-344.736862,187.869305,11.513138,-145.354420,65.526314,545.354420,254.645580
540,-323.157883,187.662484,13.486862,-122.008537,67.684212,522.008537,277.991463
541,-358.421021,187.433094,-22.039461,-193.027387,64.157898,593.027387,206.972613
542,-321.578979,187.227284,23.026276,-111.325420,67.842102,511.325420,288.674580
543,-333.684235,187.013726,-7.565784,-154.236293,66.631577,554.236293,245.763707
544,-332.631607,186.800842,0.657892,-145.172873,66.736839,545.172873,254.827127
545,-309.473648,186.602778,14.473724,-108.397145,69.052635,508.397145,291.602855
546,-319.473648,186.398315,-6.250000,-139.325333,68.052635,539.325333,260.674667
547,-382.105255,186.153768,-39.144754,-200.000000,61.789474,600.000000,200.000000
548,-336.315765,185.938526,28.618431,-121.758809,66.368423,521.758809,278.241191
549,-335.263138,185.723957,0.657892,-148.881288,66.473686,548.881288,251.118712
550,-334.736862,185.509726,0.328922,-148.898214,66.526314,548.898214,251.101786
551,-328.421021,185.299536,3.947401,-139.174083,67.157898,539.174083,260.825917
552,-328.947372,185.089010,-0.328970,-144.187332,67.105263,544.187332,255.812668
553,-366.315804,184.854568,-23.355269,-200.000000,63.368420,600.000000,200.000000
554,-335.789490,184.639663,19.078946,-132.070881,66.421051,532.070881,267.929119
555,-357.368393,184.410947,-13.486814,-186.444261,64.263161,586.444261,213.555739
556,-355.789490,184.183242,0.986814,-170.619434,64.421051,570.619434,229.380566
557,-321.052628,183.977768,21.710539,-115.364321,67.894737,515.364321,284.635679
558,-306.315765,183.781726,9.210539,-113.323501,69.368423,513.323501,286.676499
559,-314.736862,183.580294,-5.263186,-136.419753,68.526314,536.419753,263.580247
560,-343.684235,183.360336,-18.092108,-178.416006,65.631577,578.416006,221.583994
561,-304.736862,183.165305,24.342108,-97.229450,69.526314,497.229450,302.770550
562,-357.368393,182.936589,-32.894707,-200.000000,64.263161,600.000000,200.000000
563,-321.052628,182.731115,22.697353,-115.624159,67.894737,515.624159,284.375841
564,-360.000000,182.500715,-24.342108,-200.000000,64.000000,600.000000,200.000000
565,-316.315765,182.298273,27.302647,-106.714846,68.368423,506.714846,293.285154
566,-356.315765,182.070231,-25.000000,-199.245534,64.368423,599.245534,200.754466
567,-332.631607,181.857347,14.802599,-135.971661,66.736839,535.971661,264.028339
568,-340.526352,181.639410,-4.934216,-163.821157,65.947365,563.821157,236.178843
569,-344.210510,181.419115,-2.302599,-165.093994,65.578949,565.093994,234.906006
570,-327.368393,181.209599,10.526323,-135.632470,67.263161,535.632470,264.367530
571,-340.526352,180.991663,-8.223724,-167.758414,65.947365,567.758414,232.241586
572,-337.368393,180.775747,1.973724,-154.618922,66.263161,554.618922,245.381078
573,-321.578979,180.569936,9.868383,-131.140660,67.842102,531.140660,268.859340
574,-341.052628,180.351663,-12.171030,-172.871995,65.894737,572.871995,227.128005
575,-359.473648,180.121599,-11.513138,-190.865186,64.052635,590.865186,209.134814
576,-330.000000,179.910399,18.421030,-131.668570,67.000000,531.668570,268.331430
577,-335.263138,179.695831,-3.289461,-158.856768,66.473686,558.856768,241.143232
578,-315.789490,179.493726,12.171030,-124.124734,68.421051,524.124734,275.875266
579,-343.157883,179.274105,-17.105246,-180.989024,65.684212,580.989024,219.010976
580,-339.473648,179.056842,2.302647,-158.114160,66.052635,558.114160,241.885840
581,-303.157883,178.862821,22.697353,-101.597709,69.684212,501.597709,298.402291
582,-348.421021,178.639831,-28.289461,-198.070651,65.157898,598.070651,201.929349
583,-330.526352,178.428294,11.184168,-140.913890,66.947365,540.913890,259.086110
584,-317.894745,178.224842,7.894754,-131.775149,68.210526,531.775149,268.224851
585,-309.473648,178.026778,5.263186,-126.183684,69.052635,526.183684,273.816316
586,-322.105255,177.820631,-7.894754,-152.179378,67.789474,552.179378,247.820622
587,-344.210510,177.600336,-13.815784,-180.425958,65.578949,580.425958,219.574042
588,-281.578979,177.420126,39.144707,-65.014147,71.842102,465.014147,334.985853
589,-232.631607,177.271242,30.592108,-24.768258,76.736839,424.768258,375.231742
590,-235.263138,177.120673,-1.644707,-59.787171,76.473686,459.787171,340.212829
591,-214.210510,176.983578,13.157892,-24.069040,78.578949,424.069040,375.930960
592,-254.736862,176.820547,-25.328970,-103.245285,74.526314,503.245285,296.754715
593,-181.052628,176.704673,46.052647,41.704692,81.894737,358.295308,441.704692
594,-188.947372,176.583747,-4.934216,-17.297841,81.105263,417.297841,382.702159
595,-142.105255,176.492800,29.276323,63.663868,85.789474,336.336132,463.663868
596,-82.105255,176.440252,37.500000,131.834997,91.789474,268.165003,531.834997
597,-82.631607,176.387368,-0.328970,93.426791,91.736839,306.573209,493.426791
598,28.947372,176.405894,69.736862,200.000000,102.894737,200.000000,600.000000
599,157.894745,176.506947,80.592108,200.000000,115.789474,200.000000,600.000000
600,270.000000,176.679747,70.065784,200.000000,127.000000,200.000000,600.000000
601,422.105255,176.949894,95.065784,200.000000,142.210526,200.000000,600.000000
602,815.263214,177.471663,245.723724,200.000000,181.526321,200.000000,600.000000
603,1310.000000,178.310063,309.210491,200.000000,231.000000,200.000000,600.000000
604,2427.894592,179.863915,698.684120,200.000000,342.789459,200.000000,600.000000
605,3701.052551,182.232589,795.723724,200.000000,470.105255,200.000000,600.000000
606,4777.368164,185.290105,672.697258,200.000000,577.736816,200.000000,600.000000
607,5757.894897,188.975157,612.829208,200.000000,675.789490,200.000000,600.000000
608,7946.315918,194.060799,1367.763138,200.000000,894.631592,200.000000,600.000000
609,10195.789795,200.586105,1405.921173,200.000000,1119.578979,200.000000,600.000000
610,10691.578369,207.428715,309.867859,200.000000,1169.157837,200.000000,600.000000
611,11284.736328,214.650946,370.723724,200.000000,1228.473633,200.000000,600.000000
612,11792.631836,222.198231,317.434692,200.000000,1279.263184,200.000000,600.000000
613,12158.947754,229.979957,228.947449,200.000000,1315.894775,200.000000,600.000000
614,12425.263672,237.932126,166.447449,200.000000,1342.526367,200.000000,600.000000
615,12440.000000,245.893726,9.210205,200.000000,1344.000000,200.000000,600.000000
616,12299.473877,253.765389,-87.828827,200.000000,1329.947388,200.000000,600.000000
617,11944.210205,261.409684,-222.039795,200.000000,1294.421021,200.000000,600.000000
618,11430.000000,268.724884,-321.381378,200.000000,1243.000000,200.000000,600.000000
619,10884.210205,275.690778,-341.118622,200.000000,1188.421021,200.000000,600.000000
620,10694.736328,282.535410,-118.421173,200.000000,1169.473633,200.000000,600.000000
621,10433.157959,289.212631,-163.486481,200.000000,1143.315796,200.000000,600.000000
622,9838.421631,295.509221,-371.710205,200.000000,1083.842163,200.000000,600.000000
623,9194.210815,301.393515,-402.631760,200.000000,1019.421082,200.000000,600.000000
624,8287.368164,306.697431,-566.776657,200.000000,928.736816,200.000000,600.000000
625,6941.578979,311.140042,-841.118240,200.000000,794.157898,200.000000,600.000000
626,4981.578979,314.328252,-1225.000000,200.000000,598.157898,200.000000,600.000000
627,2918.947449,316.196379,-1289.144707,200.000000,391.894745,200.000000,600.000000
628,2547.368469,317.826694,-232.236862,200.000000,354.736847,200.000000,600.000000
629,1968.947449,319.086821,-361.513138,200.000000,296.894745,200.000000,600.000000
630,1610.526428,320.117558,-224.013138,200.000000,261.052643,200.000000,600.000000
631,1284.210510,320.939452,-203.947449,200.000000,228.421051,200.000000,600.000000
632,958.947296,321.553179,-203.289509,200.000000,195.894730,200.000000,600.000000
633,773.157959,322.048000,-116.118336,200.000000,177.315796,200.000000,600.000000
634,567.894745,322.411452,-128.289509,200.000000,156.789474,200.000000,600.000000
635,380.000000,322.654652,-117.434216,200.000000,138.000000,200.000000,600.000000
636,208.947372,322.788379,-106.907892,200.000000,120.894737,200.000000,600.000000
637,72.631607,322.834863,-85.197353,200.000000,107.263161,200.000000,600.000000
638,26.315765,322.851705,-28.947401,200.000000,102.631577,200.000000,600.000000
639,-1.052628,322.851031,-17.105246,200.000000,99.894737,200.000000,600.000000
640,-123.684235,322.771873,-76.644754,122.442884,87.631577,277.557116,522.442884
641,-106.842117,322.703494,10.526323,200.000000,89.315788,200.000000,600.000000
642,-166.315765,322.597052,-37.171030,119.110257,83.368423,280.889743,519.110257
643,-227.894745,322.451200,-38.486862,56.069593,77.210526,343.930407,456.069593
644,-198.421021,322.324210,18.421078,142.324267,80.157898,257.675733,542.324267
645,-208.947372,322.190484,-6.578970,106.664142,79.105263,293.335858,506.664142
646,-254.736862,322.027452,-28.618431,38.672159,74.526314,361.327841,438.672159
647,-233.157883,321.878231,13.486862,102.207211,76.684212,297.792789,502.207211
648,-276.315765,321.701389,-26.973677,18.411947,72.368423,381.588053,418.411947
649,-310.000000,321.502989,-21.052647,-9.549657,69.000000,409.549657,390.450343
650,-323.157883,321.296168,-8.223677,-10.085391,67.684212,410.085391,389.914609
651,-330.526352,321.084631,-4.605293,-14.047014,66.947365,414.047014,385.952986
652,-327.368393,320.875116,1.973724,-4.519553,67.263161,404.519553,395.480447
653,-335.789490,320.660210,-5.263186,-20.392465,66.421051,420.392465,379.607535
654,-336.315765,320.444968,-0.328922,-16.199719,66.368423,416.199719,383.800281
655,-336.842117,320.229389,-0.328970,-16.941698,66.315788,416.941698,383.058302
656,-354.736862,320.002358,-11.184216,-45.918720,64.526314,445.918720,354.081280
657,-336.315765,319.787116,11.513186,-5.015464,66.368423,405.015464,394.984536
658,-321.578979,319.581305,9.210491,7.212817,67.842102,392.787183,407.212817
659,-360.000000,319.350905,-24.013138,-64.662233,64.000000,464.662233,335.337767
660,-313.157883,319.150484,29.276323,35.268925,68.684212,364.731075,435.268925
661,-322.631607,318.944000,-5.921078,-9.608685,67.736839,409.608685,390.391315
662,-350.526352,318.719663,-17.434216,-49.240905,64.947365,449.240905,350.759095
663,-355.789490,318.491958,-3.289461,-40.586993,64.421051,440.586993,359.413007
664,-345.263138,318.270989,6.578970,-20.413179,65.473686,420.413179,379.586821
665,-352.631607,318.045305,-4.605293,-39.191595,64.736839,439.191595,360.808405
666,-318.421021,317.841516,21.381617,20.802112,68.157898,379.197888,420.802112
667,-342.631607,317.622231,-15.131617,-40.140992,65.736839,440.140992,359.859008
668,-349.473648,317.398568,-4.276276,-36.351356,65.052635,436.351356,363.648644
669,-354.736862,317.171537,-3.289509,-40.854834,64.526314,440.854834,359.145166
670,-330.526352,316.960000,15.131569,1.565217,66.947365,398.434783,401.565217
671,-325.263138,316.751831,3.289509,-5.221798,67.473686,405.221798,394.778202
672,-333.684235,316.538273,-5.263186,-22.409147,66.631577,422.409147,377.590853
673,-337.894745,316.322021,-2.631569,-24.204293,66.210526,424.204293,375.795707
674,-345.789490,316.100715,-4.934216,-34.622990,65.421051,434.622990,365.377010
675,-348.421021,315.877726,-1.644707,-34.188001,65.157898,434.188001,365.811999
676,-320.000000,315.672926,17.763138,13.436064,68.000000,386.563936,413.436064
677,-330.000000,315.461726,-6.250000,-20.788274,67.000000,420.788274,379.211726
678,-328.947372,315.251200,0.657892,-13.038281,67.105263,413.038281,386.961719
679,-375.263176,315.011031,-28.947377,-89.199522,62.473682,489.199522,310.800478
680,-308.947372,314.813305,41.447377,47.313310,69.105263,352.686690,447.313310
681,-314.736862,314.611873,-3.618431,-3.743420,68.526314,403.743420,396.256580
682,-341.578979,314.393263,-16.776323,-43.962040,65.842102,443.962040,356.037960
683,-342.105255,314.174315,-0.328922,-28.259862,65.789474,428.259862,371.740138
684,-357.894745,313.945263,-9.868431,-53.817913,64.210526,453.817913,346.182087
685,-317.894745,313.741810,25.000000,20.847065,68.210526,379.152935,420.847065
686,-331.578979,313.529600,-8.552647,-26.602027,66.842102,426.602027,373.397973
687,-364.210510,313.296505,-20.394707,-71.308712,63.578949,471.308712,328.691288
688,-312.631607,313.096421,32.236814,32.701628,68.736839,367.298372,432.701628
689,-336.842117,312.880842,-15.131569,-39.092845,66.315788,439.092845,360.907155
690,-338.947372,312.663915,-1.315784,-27.599242,66.105263,427.599242,372.400758
691,-284.210510,312.482021,34.210539,62.482049,71.578949,337.517951,462.482049
692,-306.315765,312.285979,-13.815784,-7.845571,69.368423,407.845571,392.154429
693,-323.157883,312.079158,-10.526323,-21.605048,67.684212,421.605048,378.394952
694,-333.684235,311.865600,-6.578970,-28.397605,66.631577,428.397605,371.602395
695,-379.473686,311.622736,-28.618407,-96.469357,62.052631,496.469357,303.530643
696,-329.473648,311.411873,31.250024,13.188249,67.052635,386.811751,413.188249
697,-320.526352,311.206736,5.592060,-3.727555,67.947365,403.727555,396.272445
698,-346.842117,310.984757,-16.447353,-52.304713,65.315788,452.304713,347.695287
699,-323.157883,310.777936,14.802647,2.422700,67.684212,397.577300,402.422700
700,-327.368393,310.568421,-2.631569,-19.431541,67.263161,419.431541,380.568459
701,-328.947372,310.357894,-0.986862,-19.576340,67.105263,419.576340,380.423660
702,-294.736862,310.169263,21.381569,36.813969,70.526314,363.186031,436.813969
703,-317.894745,309.965810,-14.473677,-22.402611,68.210526,422.402611,377.597389
704,-318.421021,309.762021,-0.328922,-8.987922,68.157898,408.987922,391.012078
705,-322.105255,309.555873,-2.302647,-14.852028,67.789474,414.852028,385.147972
706,-339.473648,309.338610,-10.855246,-40.990283,66.052635,440.990283,359.009717
707,-320.526352,309.133473,11.842060,0.449181,67.947365,399.550819,400.449181
708,-343.684235,308.913515,-14.473677,-49.244396,65.631577,449.244396,350.755604
709,-349.473648,308.689852,-3.618383,-44.402179,65.052635,444.402179,355.597821
710,-338.947372,308.472926,6.578922,-23.895524,66.105263,423.895524,376.104476
711,-334.736862,308.258694,2.631569,-23.846599,66.526314,423.846599,376.153401
712,-328.421021,308.048505,3.947401,-16.425115,67.157898,416.425115,383.574885
713,-346.315765,307.826863,-11.184216,-49.673118,65.368423,449.673118,350.326882
714,-322.105255,307.620715,15.131569,0.647029,67.789474,399.352971,400.647029
715,-345.263138,307.399747,-14.473677,-52.337067,65.473686,452.337067,347.662933
716,-311.052628,307.200673,21.381569,17.529615,68.894737,382.470385,417.529615
717,-326.842117,306.991494,-9.868431,-29.719054,67.315788,429.719054,370.280946
718,-347.368393,306.769179,-12.828922,-53.428137,65.263161,453.428137,346.571863
719,-326.842117,306.560000,12.828922,-7.453195,67.315788,407.453195,392.546805
720,-312.105255,306.360252,9.210539,3.465536,68.789474,396.534464,403.465536
721,-315.789490,306.158147,-2.302647,-11.933989,68.421051,411.933989,388.066011
722,-329.473648,305.947284,-8.552599,-32.078963,67.052635,432.078963,367.921037
723,-340.000000,305.729684,-6.578970,-40.849286,66.000000,440.849286,359.150714
724,-344.736862,305.509052,-2.960539,-42.188349,65.526314,442.188349,357.811651
725,-327.368393,305.299537,10.855293,-11.213563,67.263161,411.213563,388.786437
726,-330.000000,305.088337,-1.644754,-26.556418,67.000000,426.556418,373.443582
727,-344.210510,304.868042,-8.881569,-48.224037,65.578949,448.224037,351.775963
728,-351.052628,304.643368,-4.276323,-50.685583,64.894737,450.685583,349.314417
729,-331.052628,304.431494,12.500000,-14.121133,66.894737,414.121133,385.878867
730,-301.052628,304.238821,18.750000,21.936193,69.894737,378.063807,421.936193
731,-314.736862,304.037389,-8.552647,-19.252120,68.526314,419.252120,380.747880
732,-325.263138,303.829221,-6.578922,-28.012839,67.473686,428.012839,371.987161
733,-329.473648,303.618358,-2.631569,-28.486859,67.052635,428.486859,371.513141
734,-314.210510,303.417263,9.539461,-1.253786,68.578949,401.253786,398.746214
735,-316.315765,303.214821,-1.315784,-14.416729,68.368423,414.416729,385.583271
736,-335.789490,302.999916,-12.171078,-44.960652,66.421051,444.960652,355.039348
737,-344.736862,302.779284,-5.592108,-47.549686,65.526314,447.549686,352.450314
738,-327.368393,302.569768,10.855293,-13.943331,67.263161,413.943331,386.056669
739,-348.421021,302.346779,-13.157892,-59.232134,65.157898,459.232134,340.767866
740,-310.000000,302.148379,24.013138,16.161517,69.000000,383.838483,416.161517
741,-311.052628,301.949305,-0.657892,-9.761215,68.894737,409.761215,390.238785
742,-330.526352,301.737768,-12.171078,-40.959661,66.947365,440.959661,359.040339
743,-328.421021,301.527579,1.315832,-25.577610,67.157898,425.577610,374.422390
744,-351.578979,301.302568,-14.473724,-64.750136,64.842102,464.750136,335.249864
745,-329.473648,301.091705,13.815832,-14.566111,67.052635,414.566111,385.433889
746,-316.315765,300.889263,8.223677,-7.202826,68.368423,407.202826,392.797174
747,-353.684235,300.662905,-23.355293,-76.376623,64.631577,476.376623,323.623377
748,-363.157883,300.430484,-5.921030,-68.648429,63.684212,468.648429,331.351571
749,-310.000000,300.232084,33.223677,23.455761,69.000000,376.544239,423.455761
750,-348.421021,300.009095,-24.013138,-72.425064,65.157898,472.425064,327.574936
751,-327.368393,299.799579,13.157892,-14.410922,67.263161,414.410922,385.589078
752,-340.526352,299.581642,-8.223724,-49.168434,65.947365,449.168434,350.831566
753,-342.631607,299.362358,-1.315784,-44.585034,65.736839,444.585034,355.414966
754,-336.842117,299.146779,3.618431,-34.076907,66.315788,434.076907,365.923093
755,-315.789490,298.944673,13.157892,-3.686924,68.421051,403.686924,396.313076
756,-310.526352,298.745937,3.289461,-8.490954,68.947365,408.490954,391.509046
757,-341.052628,298.527663,-19.078922,-61.603887,65.894737,461.603887,338.396113
758,-333.157883,298.314442,4.934216,-29.909225,66.684212,429.909225,370.090775
759,-328.947372,298.103916,2.631569,-28.211888,67.105263,428.211888,371.788112
760,-324.210510,297.896421,2.960539,-23.353551,67.578949,423.353551,376.646449
761,-321.052628,297.690947,1.973677,-21.388004,67.894737,421.388004,378.611996
762,-338.947372,297.474021,-11.184216,-52.657567,66.105263,452.657567,347.342433
763,-333.157883,297.260800,3.618431,-32.278652,66.684212,432.278652,367.721348
764,-367.368431,297.025684,-21.381593,-91.724340,63.263157,491.724340,308.275660
765,-343.157883,296.806063,15.131593,-31.220227,65.684212,431.220227,368.779773
766,-344.736862,296.585431,-0.986862,-49.138293,65.526314,449.138293,350.861707
767,-311.052628,296.386358,21.052647,6.386377,68.894737,393.613623,406.386377
768,-336.842117,296.170779,-16.118431,-56.789770,66.315788,456.789770,343.210230
769,-343.157883,295.951158,-3.947353,-51.154078,65.684212,451.154078,348.845922
770,-313.684235,295.750400,18.421030,0.487195,68.631577,399.512805,400.487195
771,-342.631607,295.531116,-18.092108,-65.192599,65.736839,465.192599,334.807401
772,-363.157883,295.298694,-12.828922,-80.688110,63.684212,480.688110,319.311890
773,-353.157883,295.072673,6.250000,-51.835209,64.684212,451.835209,348.164791
774,-343.684235,294.852716,5.921030,-42.910489,65.631577,442.910489,357.089511
775,-332.105255,294.640168,7.236862,-30.228225,66.789474,430.228225,369.771775
776,-335.789490,294.425263,-2.302647,-43.666873,66.421051,443.666873,356.333127
777,-326.315765,294.216421,5.921078,-26.178267,67.368423,426.178267,373.821733
778,-319.473648,294.011958,4.276323,-21.185367,68.052635,421.185367,378.814633
779,-339.473648,293.794695,-12.500000,-58.178954,66.052635,458.178954,341.821046
780,-303.684235,293.600337,22.368383,12.284485,69.631577,387.715515,412.284485
781,-327.368393,293.390821,-14.802599,-48.780171,67.263161,448.780171,351.219829
782,-330.000000,293.179621,-1.644754,-38.465134,67.000000,438.465134,361.534866
783,-326.315765,292.970779,2.302647,-31.042340,67.368423,431.042340,368.957660
784,-340.000000,292.753179,-8.552647,-55.799468,66.000000,455.799468,344.200532
785,-317.894745,292.549726,13.815784,-11.529234,68.210526,411.529234,388.470766
786,-298.421021,292.358737,12.171078,6.108794,70.157898,393.891206,406.108794
787,-333.684235,292.145179,-22.039509,-63.578565,66.631577,463.578565,336.421435
788,-336.315765,291.929937,-1.644707,-46.030535,66.368423,446.030535,353.969465
789,-311.578979,291.730526,15.460491,-4.387962,68.842102,404.387962,395.612038
790,-332.105255,291.517979,-12.828922,-53.416199,66.789474,453.416199,346.583801
791,-351.052628,291.293305,-11.842108,-71.601430,64.894737,471.601430,328.398570
792,-345.789490,291.072000,3.289461,-51.428029,65.421051,451.428029,348.571971
793,-326.842117,290.862821,11.842108,-24.137189,67.315788,424.137189,375.862811
794,-356.315765,290.634779,-18.421030,-84.102017,64.368423,484.102017,315.897983
795,-354.210510,290.408084,1.315784,-62.486642,64.578949,462.486642,337.513358
796,-317.368393,290.204968,23.026323,-4.137101,68.263161,404.137101,395.862899
797,-307.368393,290.008252,6.250000,-11.110140,69.263161,411.110140,388.889860
798,-325.263138,289.800084,-11.184216,-46.647269,67.473686,446.647269,353.352731
799,-301.578979,289.607074,14.802599,2.830693,69.842102,397.169307,402.830693
800,-231.578979,289.458863,43.750000,101.629883,76.842102,298.370117,501.629883
801,-224.736862,289.315031,4.276323,68.854493,77.526314,331.145507,468.854493
802,-183.684235,289.197473,25.657892,131.171131,81.631577,268.828869,531.171131
803,-178.421021,289.083284,3.289509,113.951772,82.157898,286.048228,513.951772
804,-101.052628,289.018610,48.355246,200.000000,89.894737,200.000000,600.000000
805,-77.368393,288.969095,14.802647,200.000000,92.263161,200.000000,600.000000
806,11.052628,288.976168,55.263138,200.000000,101.105263,200.000000,600.000000
807,83.684235,289.029726,45.394754,200.000000,108.368423,200.000000,600.000000
808,149.473648,289.125389,41.118383,200.000000,114.947365,200.000000,600.000000
809,432.631531,289.402273,176.973677,200.000000,143.263153,200.000000,600.000000
810,659.473724,289.824337,141.776371,200.000000,165.947372,200.000000,600.000000
811,925.789490,290.416842,166.447353,200.000000,192.578949,200.000000,600.000000
812,1279.473724,291.235705,221.052647,200.000000,227.947372,200.000000,600.000000
813,1769.473572,292.368168,306.249905,200.000000,276.947357,200.000000,600.000000
814,2590.000000,294.025768,512.829018,200.000000,359.000000,200.000000,600.000000
815,3618.947449,296.341895,643.092155,200.000000,461.894745,200.000000,600.000000
816,4441.578979,299.184505,514.144707,200.000000,544.157898,200.000000,600.000000
817,5385.263062,302.631073,589.802551,200.000000,638.526306,200.000000,600.000000
818,7715.789185,307.569179,1456.578827,200.000000,871.578918,200.000000,600.000000
819,9776.842041,313.826357,1288.158035,200.000000,1077.684204,200.000000,600.000000
820,11324.736328,321.074189,967.433929,200.000000,1232.473633,200.000000,600.000000
821,12335.263672,328.968757,631.579590,200.000000,1333.526367,200.000000,600.000000
822,12376.315918,336.889600,25.657654,200.000000,1337.631592,200.000000,600.000000
823,12112.105713,344.641347,-165.131378,200.000000,1311.210571,200.000000,600.000000
824,11706.315918,352.133390,-253.618622,200.000000,1270.631592,200.000000,600.000000
825,11024.736328,359.189221,-425.987244,200.000000,1202.473633,200.000000,600.000000
826,10887.368164,366.157136,-85.855103,200.000000,1188.736816,200.000000,600.000000
827,10620.000000,372.953936,-167.105103,200.000000,1162.000000,200.000000,600.000000
828,10220.000000,379.494736,-250.000000,200.000000,1122.000000,200.000000,600.000000
829,9563.684082,385.615494,-410.197449,200.000000,1056.368408,200.000000,600.000000
830,8838.947144,391.272420,-452.960587,200.000000,983.894714,200.000000,600.000000
831,7796.315918,396.262063,-651.644516,200.000000,879.631592,200.000000,600.000000
832,6325.789185,400.310568,-919.079208,200.000000,732.578918,200.000000,600.000000
833,4215.789185,403.008673,-1318.750000,200.000000,521.578918,200.000000,600.000000
834,2888.947449,404.857599,-829.276085,200.000000,388.894745,200.000000,600.000000
835,2228.947449,406.284125,-412.500000,200.000000,322.894745,200.000000,600.000000
836,1813.684082,407.444883,-259.539604,200.000000,281.368408,200.000000,600.000000
837,1463.684235,408.381641,-218.749905,200.000000,246.368423,200.000000,600.000000
838,1148.421021,409.116631,-197.039509,200.000000,214.842102,200.000000,600.000000
839,874.736786,409.676462,-171.052647,200.000000,187.473679,200.000000,600.000000
840,680.526276,410.111999,-121.381569,200.000000,168.052628,200.000000,600.000000
841,487.368469,410.423915,-120.723629,200.000000,148.736847,200.000000,600.000000
842,353.684235,410.650273,-83.552647,200.000000,135.368423,200.000000,600.000000
843,84.210510,410.704167,-168.421078,200.000000,108.421051,200.000000,600.000000
844,55.789490,410.739873,-17.763138,200.000000,105.578949,200.000000,600.000000
845,-28.421021,410.721683,-52.631569,200.000000,97.157898,200.000000,600.000000
846,-103.157883,410.655662,-46.710539,200.000000,89.684212,200.000000,600.000000
847,-96.315765,410.594020,4.276323,200.000000,90.368423,200.000000,600.000000
848,-157.894745,410.492967,-38.486862,200.000000,84.210526,200.000000,600.000000
849,-210.526352,410.358231,-32.894754,166.937124,78.947365,233.062876,566.937124
850,-176.842117,410.245052,21.052647,200.000000,82.315788,200.000000,600.000000
851,-272.105255,410.070904,-59.539461,78.426188,72.789474,321.573812,478.426188
852,-244.210510,409.914610,17.434216,183.138315,75.578949,216.861685,583.138315
853,-266.315765,409.744167,-13.815784,129.612618,73.368423,270.387382,529.612618
854,-290.526352,409.558231,-15.131617,103.900262,70.947365,296.099738,503.900262
855,-329.473648,409.347367,-24.342060,55.531659,67.052635,344.468341,455.531659
856,-331.578979,409.135157,-1.315832,76.240345,66.842102,323.759655,476.240345
857,-311.052628,408.936083,12.828970,110.712426,68.894737,289.287574,510.712426
858,-319.473648,408.731620,-5.263138,83.994834,68.052635,316.005166,483.994834
859,-366.315804,408.497178,-29.276347,12.905027,63.368420,387.094973,412.905027
860,-311.052628,408.298104,34.539485,131.784962,68.894737,268.215038,531.784962
861,-320.526352,408.092967,-5.921078,81.645538,67.947365,318.354462,481.645538
862,-348.421021,407.869978,-17.434168,42.014790,65.157898,357.985210,442.014790
863,-366.842117,407.635199,-11.513186,29.279896,63.315788,370.720104,429.279896
864,-347.368393,407.412883,12.171078,72.215568,65.263161,327.784432,472.215568
865,-335.789490,407.197978,7.236814,78.645303,66.421051,321.354697,478.645303
866,-372.631569,406.959494,-23.026299,11.301625,62.736843,388.698375,411.301625
867,-335.263138,406.744925,23.355269,94.837057,66.473686,305.162943,494.837057
868,-314.736862,406.543494,12.828922,104.635554,68.526314,295.364446,504.635554
869,-324.210510,406.335999,-5.921030,76.204459,67.578949,323.795541,476.204459
870,-310.526352,406.137262,8.552599,104.163509,68.947365,295.836491,504.163509
871,-309.473648,405.939199,0.657940,97.123491,69.052635,302.876509,497.123491
872,-322.631607,405.732715,-8.223724,74.877383,67.736839,325.122617,474.877383
873,-310.526352,405.533978,7.565784,102.573411,68.947365,297.426589,502.573411
874,-345.789490,405.312673,-22.039461,37.483722,65.421051,362.516278,437.483722
875,-340.000000,405.095073,3.618431,68.713504,66.000000,331.286496,468.713504
876,-307.894745,404.898020,20.065784,117.069060,69.210526,282.930940,517.069060
877,-334.210510,404.684125,-16.447353,54.026262,66.578949,345.973738,454.026262
878,-296.315765,404.494483,23.684216,131.862933,70.368423,268.137067,531.862933
879,-316.842117,404.291704,-12.828970,74.620617,68.315788,325.379383,474.620617
880,-353.684235,404.065346,-23.026323,27.354788,64.631577,372.645212,427.354788
881,-340.000000,403.847746,8.552647,72.400393,66.000000,327.599607,472.400393
882,-368.421059,403.611957,-17.763162,17.427737,63.157894,382.572263,417.427737
883,-374.736824,403.372125,-3.947353,24.687948,62.526318,375.312052,424.687948
884,-317.368393,403.169010,35.855269,121.655886,68.263161,278.344114,521.655886
885,-337.894745,402.952757,-12.828970,52.229042,66.210526,347.770958,452.229042
886,-318.947372,402.748631,11.842108,95.643366,68.105263,304.356634,495.643366
887,-314.736862,402.547199,2.631569,90.441906,68.526314,309.558094,490.441906
888,-354.210510,402.320504,-24.671030,23.438964,64.578949,376.561036,423.438964
889,-337.368393,402.104589,10.526323,75.262519,66.263161,324.737481,475.262519
890,-338.947372,401.887662,-0.986862,61.953428,66.105263,338.046572,461.953428
891,-356.315765,401.659620,-10.855246,34.488609,64.368423,365.511391,434.488609
892,-290.526352,401.473683,41.118383,152.065715,70.947365,247.934285,552.065715
893,-329.473648,401.262820,-24.342060,47.447112,67.052635,352.552888,447.447112
894,-323.157883,401.055999,3.947353,81.845470,67.684212,318.154530,481.845470
895,-369.473686,400.819536,-28.947377,2.398472,63.052631,397.601528,402.398472
896,-326.842117,400.610357,26.644731,100.412970,67.315788,299.587030,500.412970
897,-320.000000,400.405557,4.276323,84.681880,68.000000,315.318120,484.681880
898,-354.210510,400.178862,-21.381569,24.586783,64.578949,375.413217,424.586783
899,-313.157883,399.978441,25.657892,112.478451,68.684212,287.521549,512.478451
900,-356.315765,399.750399,-26.973677,16.460957,64.368423,383.539043,416.460957
901,-320.000000,399.545599,22.697353,102.242952,68.000000,297.757048,502.242952
902,-346.315765,399.323957,-16.447353,36.560838,65.368423,363.439162,436.560838
903,-360.526314,399.093220,-8.881593,29.685314,63.947369,370.314686,429.685314
904,-369.473686,398.856757,-5.592108,23.790963,63.052631,376.209037,423.790963
905,-298.947372,398.665431,44.078946,143.797004,70.105263,256.202996,543.797004
906,-315.263138,398.463662,-10.197353,73.003171,68.473686,326.996829,473.003171
907,-367.368431,398.228546,-32.565808,-1.705693,63.263157,401.705693,398.294307
908,-345.789490,398.007241,13.486838,65.704590,65.421051,334.295410,465.704590
909,-347.368393,397.784925,-0.986814,49.429718,65.263161,350.570282,449.429718
910,-321.578979,397.579115,16.118383,92.118519,67.842102,307.881481,492.118519
911,-312.631607,397.379031,5.592108,90.339531,68.736839,309.660469,490.339531
912,-321.052628,397.173557,-5.263138,70.857792,67.894737,329.142208,470.857792
913,-331.052628,396.961683,-6.250000,59.659056,66.894737,340.340944,459.659056
914,-328.421021,396.751494,1.644754,69.975228,67.157898,330.024772,469.975228
915,-344.210510,396.531199,-9.868431,42.452258,65.578949,357.547742,442.452258
916,-372.631569,396.292715,-17.763162,5.897984,62.736843,394.102016,405.897984
917,-304.210510,396.098020,42.763162,134.650672,69.578949,265.349328,534.650672
918,-330.526352,395.886483,-16.447401,48.912730,66.947365,351.087270,448.912730
919,-295.263138,395.697515,22.039509,122.473886,70.473686,277.526114,522.473886
920,-314.736862,395.496083,-12.171078,68.588143,68.526314,331.411857,468.588143
921,-299.473648,395.304420,9.539509,105.370281,70.052635,294.629719,505.370281
922,-305.263138,395.109052,-3.618431,86.227483,69.473686,313.772517,486.227483
923,-342.105255,394.890104,-23.026323,29.758526,65.789474,370.241474,429.758526
924,-368.947372,394.653978,-16.776323,8.930282,63.105263,391.069718,408.930282
925,-320.526352,394.448841,30.263138,104.185627,67.947365,295.814373,504.185627
926,-338.947372,394.231915,-11.513138,43.771405,66.105263,356.228595,443.771405
927,-330.000000,394.020715,5.592108,69.612823,67.000000,330.387177,469.612823
928,-335.789490,393.805810,-3.618431,54.397889,66.421051,345.602111,454.397889
929,-346.315765,393.584168,-6.578922,40.689480,65.368423,359.310520,440.689480
930,-343.157883,393.364547,1.973677,52.180340,65.684212,347.819660,452.180340
931,-347.368393,393.142231,-2.631569,43.142269,65.263161,356.857731,443.142269
932,-302.105255,392.948883,28.289461,119.133089,69.789474,280.866911,519.133089
933,-354.210510,392.722189,-32.565784,5.945894,64.578949,394.054106,405.945894
934,-318.947372,392.518062,22.039461,95.610151,68.105263,304.389849,495.610151
935,-313.684235,392.317304,3.289461,81.922531,68.631577,318.077469,481.922531
936,-333.684235,392.103747,-12.500000,45.919512,66.631577,354.080488,445.919512
937,-321.578979,391.897936,7.565784,77.884741,67.842102,322.115259,477.884741
938,-323.684235,391.690778,-1.315784,66.690759,67.631577,333.309241,466.690759
939,-360.526314,391.460041,-23.026299,7.907428,63.947369,392.092572,407.907428
940,-316.842117,391.257262,27.302623,101.717768,68.315788,298.282232,501.717768
941,-354.736862,391.030231,-23.684216,12.609153,64.526314,387.390847,412.609153
942,-359.473648,390.800168,-2.960491,28.366028,64.052635,371.633972,428.366028
943,-294.210510,390.611873,40.789461,137.190824,70.578949,262.809176,537.190824
944,-344.736862,390.391241,-31.578970,14.075409,65.526314,385.924591,414.075409
945,-353.157883,390.165220,-5.263138,31.744200,64.684212,368.255800,431.744200
946,-330.526352,389.953683,14.144707,73.572038,66.947365,326.427962,473.572038
947,-319.473648,389.749220,6.907940,77.183512,68.052635,322.816488,477.183512
948,-328.421021,389.539031,-5.592108,55.525902,67.157898,344.474098,455.525902
949,-286.842117,389.355452,25.986814,128.500149,71.315788,271.499851,528.500149
950,-290.526352,389.169515,-2.302647,96.340516,70.947365,303.659484,496.340516
951,-328.421021,388.959325,-23.684168,36.854137,67.157898,363.145863,436.854137
952,-339.473648,388.742062,-6.907892,42.360522,66.052635,357.639478,442.360522
953,-361.578941,388.510652,-13.815808,13.115902,63.842106,386.884098,413.115902
954,-359.473648,388.280589,1.315808,30.122749,64.052635,369.877251,430.122749
955,-318.421021,388.076799,25.657892,95.313671,68.157898,304.686329,495.313671
956,-341.578979,387.858189,-14.473724,31.805485,65.842102,368.194515,431.805485
957,-327.894745,387.648336,8.552647,68.306238,67.210526,331.693762,468.306238
958,-317.894745,387.444883,6.250000,75.800139,68.210526,324.199861,475.800139
959,-337.368393,387.228968,-12.171030,37.689545,66.263161,362.310455,437.689545
960,-337.368393,387.013052,0.000000,49.644659,66.263161,350.355341,449.644659
961,-343.684235,386.793094,-3.947401,39.161458,65.631577,360.838542,439.161458
962,-346.315765,386.571452,-1.644707,38.610980,65.368423,361.389020,438.610980
963,-317.894745,386.367999,17.763138,86.236392,68.210526,313.763608,486.236392
964,-311.578979,386.168589,3.947353,78.536963,68.842102,321.463037,478.536963
965,-349.473648,385.944926,-23.684168,12.787110,65.052635,387.212890,412.787110
966,-316.842117,385.742147,20.394707,89.294736,68.315788,310.705264,489.294736
967,-311.052628,385.543073,3.618431,78.108876,68.894737,321.891124,478.108876
968,-302.631607,385.349389,5.263138,87.980919,69.736839,312.019081,487.980919
969,-311.052628,385.150315,-5.263138,68.834550,68.894737,331.165450,468.834550
970,-333.684235,384.936757,-14.144754,37.107768,66.631577,362.892232,437.107768
971,-324.736862,384.728925,5.592108,65.584171,67.526314,334.415829,465.584171
972,-333.157883,384.515704,-5.263138,46.094684,66.684212,353.905316,446.094684
973,-334.210510,384.301810,-0.657892,49.433407,66.578949,350.566593,449.433407
974,-350.000000,384.077810,-9.868431,24.209379,65.000000,375.790621,424.209379
975,-316.315765,383.875368,21.052647,88.612249,68.368423,311.387751,488.612249
976,-376.842117,383.634189,-37.828970,-31.036899,62.315788,431.036899,368.963101
977,-324.736862,383.426357,32.565784,91.255279,67.526314,308.744721,491.255279
978,-354.736862,383.199325,-18.750000,9.712463,64.526314,390.287537,409.712463
979,-331.578979,382.987115,14.473677,65.881812,66.842102,334.118188,465.881812
980,-336.315765,382.771873,-2.960491,43.495616,66.368423,356.504384,443.495616
981,-379.473686,382.529010,-26.973701,-23.918377,62.052631,423.918377,376.081623
982,-356.842117,382.300631,14.144731,39.603244,64.315788,360.396756,439.603244
983,-357.894745,382.071578,-0.657892,23.518941,64.210526,376.481059,423.518941
984,-321.052628,381.866104,23.026323,83.839800,67.894737,316.160200,483.839800
985,-310.000000,381.667704,6.907892,78.575597,69.000000,321.424403,478.575597
986,-321.052628,381.462231,-6.907892,53.501711,67.894737,346.498289,453.501711
987,-317.894745,381.258778,1.973677,65.337710,68.210526,334.662290,465.337710
988,-333.157883,381.045557,-9.539461,38.348213,66.684212,361.651787,438.348213
989,-318.421021,380.841768,9.210539,71.631286,68.157898,328.368714,471.631286
990,-340.000000,380.624168,-13.486862,27.137305,66.000000,372.862695,427.137305
991,-285.789490,380.441262,33.881569,128.533341,71.421051,271.466659,528.533341
992,-313.157883,380.240841,-17.105246,49.977713,68.684212,350.022287,449.977713
993,-331.578979,380.028631,-11.513186,36.936466,66.842102,363.063534,436.936466
994,-352.631607,379.802946,-13.157892,14.013447,64.736839,385.986553,414.013447
995,-353.684235,379.576589,-0.657892,25.234462,64.631577,374.765538,425.234462
996,-297.368393,379.386273,35.197401,117.215281,70.263161,282.784719,517.215281
997,-365.789490,379.152168,-42.763186,-29.400508,63.421051,429.400508,370.599492
998,-344.736862,378.931536,13.157892,47.352566,65.526314,352.647434,447.352566
999,-332.105255,378.718989,7.894754,54.508488,66.789474,345.491512,454.508488
1000,-360.000000,378.488589,-17.434216,1.054373,64.000000,398.945627,401.054373
1001,-339.473648,378.271325,12.828970,51.626647,66.052635,348.373353,451.626647
1002,-334.736862,378.057094,2.960491,46.280723,66.526314,353.719277,446.280723
1003,-333.157883,377.843873,0.986862,45.672852,66.684212,354.327148,445.672852
1004,-329.473648,377.633010,2.302647,50.462008,67.052635,349.537992,450.462008
1005,-343.157883,377.413389,-8.552647,25.702859,65.684212,374.297141,425.702859
1006,-343.684235,377.193431,-0.328970,33.180226,65.631577,366.819774,433.180226
1007,-351.052628,376.968757,-4.605246,21.310884,64.894737,378.689116,421.310884
1008,-350.526352,376.744420,0.328922,26.546991,64.947365,373.453009,426.546991
1009,-337.368393,376.528504,8.223724,47.383836,66.263161,352.616164,447.383836
1010,-366.842117,376.293725,-18.421078,-8.969470,63.315788,408.969470,391.030530
1011,-308.947372,376.095999,36.184216,103.332842,69.105263,296.667158,503.332842
1012,-333.157883,375.882778,-15.131569,27.593326,66.684212,372.406674,427.593326
1013,-324.210510,375.675283,5.592108,57.056881,67.578949,342.943119,457.056881
1014,-337.368393,375.459368,-8.223677,29.867298,66.263161,370.132702,429.867298
1015,-353.157883,375.233347,-9.868431,12.207033,64.684212,387.792967,412.207033
1016,-330.526352,375.021810,14.144707,58.640164,66.947365,341.359836,458.640164
1017,-366.842117,374.787031,-22.697353,-14.752440,63.315788,414.752440,385.247560
1018,-332.631607,374.574146,21.381569,63.324108,66.736839,336.675892,463.324108
1019,-340.526352,374.356210,-4.934216,28.895642,65.947365,371.104358,428.895642
1020,-356.315765,374.128168,-9.868383,7.944019,64.368423,392.055981,407.944019
1021,-340.000000,373.910568,10.197353,44.107921,66.000000,355.892079,444.107921
1022,-345.263138,373.689599,-3.289461,25.137000,65.473686,374.863000,425.137000
1023,-326.842117,373.480420,11.513138,58.151441,67.315788,341.848559,458.151441
1024,-334.736862,373.266189,-4.934216,33.595111,66.526314,366.404889,433.595111
1025,-330.526352,373.054652,2.631569,45.159869,66.947365,354.840131,445.159869
1026,-331.578979,372.842441,-0.657892,40.605569,66.842102,359.394431,440.605569
1027,-330.000000,372.631241,0.986862,43.618103,67.000000,356.381897,443.618103
1028,-373.157883,372.392420,-26.973677,-27.739139,62.684212,427.739139,372.260861
1029,-343.157883,372.172799,18.750000,47.764916,65.684212,352.235084,447.764916
1030,-322.631607,371.966315,12.828922,62.163630,67.736839,337.836370,462.163630
1031,-351.578979,371.741304,-18.092108,2.070217,64.842102,397.929783,402.070217
1032,-325.789490,371.532799,16.118431,61.861740,67.421051,338.138260,461.861740
1033,-368.421059,371.297010,-26.644731,-23.768780,63.157894,423.768780,376.231220
1034,-388.947372,371.048083,-12.828946,-30.728235,61.105263,430.728235,369.271765
1035,-322.631607,370.841599,41.447353,89.657345,67.736839,310.342655,489.657345
1036,-352.631607,370.615915,-18.750000,-0.765692,64.736839,400.765692,399.234308
1037,-357.894745,370.386862,-3.289461,9.202656,64.210526,390.797344,409.202656
1038,-345.263138,370.165894,7.894754,32.797510,65.473686,367.202490,432.797510
1039,-324.736862,369.958062,12.828922,58.050122,67.526314,341.949878,458.050122
1040,-327.894745,369.748209,-1.973677,39.879788,67.210526,360.120212,439.879788
1041,-308.421021,369.550820,12.171078,73.300877,69.157898,326.699123,473.300877
1042,-347.894745,369.328167,-24.671078,-3.237655,65.210526,403.237655,396.762345
1043,-339.473648,369.110904,5.263186,34.900442,66.052635,365.099558,434.900442
1044,-344.736862,368.890273,-3.289509,20.863902,65.526314,379.136098,420.863902
1045,-324.736862,368.682441,12.500000,56.445579,67.526314,343.554421,456.445579
1046,-366.842117,368.447662,-26.315784,-24.710240,63.315788,424.710240,375.289760
1047,-351.578979,368.222652,9.539461,26.183133,64.842102,373.816867,426.183133
1048,-325.789490,368.014146,16.118431,58.343088,67.421051,341.656912,458.343088
1049,-342.105255,367.795199,-10.197353,15.492590,65.789474,384.507410,415.492590
1050,-320.526352,367.590062,13.486814,60.550525,67.947365,339.449475,460.550525
1051,-364.210510,367.356967,-27.302599,-24.156142,63.578949,424.156142,375.843858
1052,-352.631607,367.131283,7.236814,21.736491,64.736839,378.263509,421.736491
1053,-297.368393,366.940967,34.539509,104.112083,70.263161,295.887917,504.112083
1054,-300.526352,366.748630,-1.973724,64.248554,69.947365,335.751446,464.248554
1055,-276.842117,366.571452,14.802647,104.531981,72.315788,295.468019,504.531981
1056,-302.105255,366.378104,-15.789461,48.483388,69.789474,351.516612,448.483388
1057,-306.315765,366.182062,-2.631569,57.234728,69.368423,342.765272,457.234728
1058,-285.789490,365.999157,12.828922,93.038589,71.421051,306.961411,493.038589
1059,-296.842117,365.809178,-6.907892,62.059168,70.315788,337.940832,462.059168
1060,-236.315765,365.657936,37.828970,167.171140,76.368423,232.828860,567.171140
1061,-83.684235,365.604378,95.394707,200.000000,91.631577,200.000000,600.000000
1062,-38.947372,365.579452,27.960539,200.000000,96.105263,200.000000,600.000000
1063,193.157883,365.703073,145.065784,200.000000,119.315788,200.000000,600.000000
1064,760.526276,366.189809,354.605246,200.000000,176.052628,200.000000,600.000000
1065,1326.315765,367.038651,353.618431,200.000000,232.631577,200.000000,600.000000
1066,1357.368469,367.907367,19.407940,200.000000,235.736847,200.000000,600.000000
1067,1652.105408,368.964715,184.210587,200.000000,265.210541,200.000000,600.000000
1068,2335.789490,370.459620,427.302551,200.000000,333.578949,200.000000,600.000000
1069,3038.947449,372.404546,439.473724,200.000000,403.894745,200.000000,600.000000
1070,3613.684082,374.717304,359.210396,200.000000,461.368408,200.000000,600.000000
1071,3988.421021,377.269894,234.210587,200.000000,498.842102,200.000000,600.000000
1072,4431.578979,380.106104,276.973724,200.000000,543.157898,200.000000,600.000000
1073,4783.157959,383.167325,219.736862,200.000000,578.315796,200.000000,600.000000
1074,5110.000000,386.437725,204.276276,200.000000,611.000000,200.000000,600.000000
1075,5445.263062,389.922694,209.539413,200.000000,644.526306,200.000000,600.000000
1076,5964.210815,393.739789,324.342346,200.000000,696.421082,200.000000,600.000000
1077,6492.105103,397.894736,329.933929,200.000000,749.210510,200.000000,600.000000
1078,6959.473877,402.348799,292.105484,200.000000,795.947388,200.000000,600.000000
1079,7358.421021,407.058189,249.341965,200.000000,835.842102,200.000000,600.000000
1080,7574.210815,411.905684,134.868622,200.000000,857.421082,200.000000,600.000000
1081,8033.684082,417.047241,287.170792,200.000000,903.368408,200.000000,600.000000
1082,8308.421021,422.364631,171.710587,200.000000,930.842102,200.000000,600.000000
1083,9544.210205,428.472925,772.368240,200.000000,1054.421021,200.000000,600.000000
1084,10364.210205,435.106020,512.500000,200.000000,1136.421021,200.000000,600.000000
1085,11054.210205,442.180714,431.250000,200.000000,1205.421021,200.000000,600.000000
1086,11731.578369,449.688925,423.355103,200.000000,1273.157837,200.000000,600.000000
1087,12088.947754,457.425851,223.355865,200.000000,1308.894775,200.000000,600.000000
1088,12334.210205,465.319746,153.289032,200.000000,1333.421021,200.000000,600.000000
1089,12416.842041,473.266525,51.644897,200.000000,1341.684204,200.000000,600.000000
1090,12346.842041,481.168503,-43.750000,200.000000,1334.684204,200.000000,600.000000
1091,12045.263672,488.877472,-188.486481,200.000000,1304.526367,200.000000,600.000000
1092,11633.157959,496.322693,-257.566071,200.000000,1263.315796,200.000000,600.000000
1093,10976.315918,503.347535,-410.526276,200.000000,1197.631592,200.000000,600.000000
1094,10986.842041,510.379114,6.578827,200.000000,1198.684204,200.000000,600.000000
1095,10547.368164,517.129430,-274.671173,200.000000,1154.736816,200.000000,600.000000
1096,10200.526123,523.657767,-216.776276,200.000000,1120.052612,200.000000,600.000000
1097,9575.789795,529.786272,-390.460205,200.000000,1057.578979,200.000000,600.000000
1098,8725.789185,535.370777,-531.250381,200.000000,972.578918,200.000000,600.000000
1099,7708.947144,540.304503,-635.526276,200.000000,870.894714,200.000000,600.000000
1100,6211.578979,544.279914,-935.855103,200.000000,721.157898,200.000000,600.000000
1101,3998.421021,546.838903,-1383.223724,200.000000,499.842102,200.000000,600.000000
1102,2879.473572,548.681767,-699.342155,200.000000,387.947357,200.000000,600.000000
1103,2130.000000,550.044967,-468.420982,200.000000,313.000000,200.000000,600.000000
1104,1828.947449,551.215493,-188.157845,200.000000,282.894745,200.000000,600.000000
1105,1420.526276,552.124630,-255.263233,200.000000,242.052628,200.000000,600.000000
1106,1163.684235,552.869388,-160.526276,200.000000,216.368423,200.000000,600.000000
1107,832.105255,553.401935,-207.236862,200.000000,183.210526,200.000000,600.000000
1108,670.526276,553.831072,-100.986862,200.000000,167.052628,200.000000,600.000000
1109,513.157959,554.159493,-98.355198,200.000000,151.315796,200.000000,600.000000
1110,302.631531,554.353177,-131.579018,200.000000,130.263153,200.000000,600.000000
1111,86.842117,554.408756,-134.868383,200.000000,108.684212,200.000000,600.000000
1112,17.368393,554.419872,-43.421078,200.000000,101.736839,200.000000,600.000000
1113,34.210510,554.441767,10.526323,200.000000,103.421051,200.000000,600.000000
1114,-61.578979,554.402356,-59.868431,200.000000,93.842102,200.000000,600.000000
1115,-115.789490,554.328251,-33.881569,200.000000,88.421051,200.000000,600.000000
1116,-153.157883,554.230230,-23.355246,200.000000,84.684212,200.000000,600.000000
1117,-207.894745,554.097177,-34.210539,200.000000,79.210526,200.000000,600.000000
1118,-205.789490,553.965472,1.315784,200.000000,79.421051,200.000000,600.000000
1119,-212.105255,553.829724,-3.947353,200.000000,78.789474,200.000000,600.000000
1120,-230.526352,553.682188,-11.513186,200.000000,76.947365,200.000000,600.000000
1121,-284.210510,553.500293,-33.552599,200.000000,71.578949,200.000000,600.000000
1122,-324.736862,553.292461,-25.328970,200.000000,67.526314,200.000000,600.000000
1123,-362.105255,553.060714,-23.355246,167.600213,63.789474,232.399787,567.600213
1124,-333.157883,552.847493,18.092108,200.000000,66.684212,200.000000,600.000000
1125,-322.631607,552.641009,6.578922,200.000000,67.736839,200.000000,600.000000
1126,-302.105255,552.447661,12.828970,200.000000,69.789474,200.000000,600.000000
1127,-332.631607,552.234777,-19.078970,200.000000,66.736839,200.000000,600.000000
1128,-344.736862,552.014145,-7.565784,199.711499,65.526314,200.288501,599.711499
1129,-290.000000,551.828545,34.210539,200.000000,71.000000,200.000000,600.000000
1130,-312.105255,551.628798,-13.815784,200.000000,68.789474,200.000000,600.000000
1131,-314.210510,551.427703,-1.315784,200.000000,68.578949,200.000000,600.000000
1132,-350.526352,551.203366,-22.697401,177.979613,64.947365,222.020387,577.979613
1133,-374.736824,550.963535,-15.131545,161.095166,62.526318,238.904834,561.095166
1134,-346.842117,550.741556,17.434192,200.000000,65.315788,200.000000,600.000000
1135,-308.947372,550.543830,23.684216,200.000000,69.105263,200.000000,600.000000
1136,-294.736862,550.355198,8.881569,200.000000,70.526314,200.000000,600.000000
1137,-323.684235,550.148040,-18.092108,200.000000,67.631577,200.000000,600.000000
1138,-321.052628,549.942566,1.644754,200.000000,67.894737,200.000000,600.000000
1139,-339.473648,549.725303,-11.513138,198.738517,66.052635,201.261483,598.738517
1140,-322.631607,549.518819,10.526276,200.000000,67.736839,200.000000,600.000000
1141,-326.315765,549.309977,-2.302599,200.000000,67.368423,200.000000,600.000000
1142,-348.421021,549.086987,-13.815784,186.850183,65.157898,213.149817,586.850183
1143,-331.052628,548.875114,10.855246,200.000000,66.894737,200.000000,600.000000
1144,-351.578979,548.650103,-12.828970,184.242154,64.842102,215.757846,584.242154
1145,-327.368393,548.440587,15.131617,200.000000,67.263161,200.000000,600.000000
1146,-318.421021,548.236798,5.592108,200.000000,68.157898,200.000000,600.000000
1147,-308.421021,548.039409,6.250000,200.000000,69.157898,200.000000,600.000000
1148,-345.263138,547.818440,-23.026323,179.528979,65.473686,220.471021,579.528979
1149,-305.263138,547.623072,25.000000,200.000000,69.473686,200.000000,600.000000
1150,-345.263138,547.402103,-25.000000,177.138966,65.473686,222.861034,577.138966
1151,-338.421021,547.185514,4.276323,200.000000,66.157898,200.000000,600.000000
1152,-320.000000,546.980714,11.513138,200.000000,68.000000,200.000000,600.000000
1153,-303.684235,546.786356,10.197353,200.000000,69.631577,200.000000,600.000000
1154,-368.947372,546.550230,-40.789461,136.813396,63.105263,263.186604,536.813396
1155,-334.736862,546.335998,21.381569,200.000000,66.526314,200.000000,600.000000
1156,-315.263138,546.134230,12.171078,200.000000,68.473686,200.000000,600.000000
1157,-298.947372,545.942903,10.197353,200.000000,70.105263,200.000000,600.000000
1158,-323.157883,545.736082,-15.131569,200.000000,67.684212,200.000000,600.000000
1159,-347.368393,545.513767,-15.131569,183.013805,65.263161,216.986195,583.013805
1160,-330.526352,545.302230,10.526276,200.000000,66.947365,200.000000,600.000000
1161,-334.210510,545.088335,-2.302599,200.000000,66.578949,200.000000,600.000000
1162,-337.894745,544.872082,-2.302647,200.000000,66.210526,200.000000,600.000000
1163,-316.315765,544.669640,13.486862,200.000000,68.368423,200.000000,600.000000
1164,-361.578941,544.438230,-28.289485,154.569803,63.842106,245.430197,554.569803
1165,-348.947372,544.214903,7.894731,200.000000,65.105263,200.000000,600.000000
1166,-342.105255,543.995956,4.276323,200.000000,65.789474,200.000000,600.000000
1167,-310.000000,543.797556,20.065784,200.000000,69.000000,200.000000,600.000000
1168,-330.526352,543.586019,-12.828970,200.000000,66.947365,200.000000,600.000000
1169,-346.842117,543.364040,-10.197353,186.324570,65.315788,213.675430,586.324570
1170,-307.894745,543.166988,24.342108,200.000000,69.210526,200.000000,600.000000
1171,-338.947372,542.950061,-19.407892,184.594797,66.105263,215.405203,584.594797
1172,-334.210510,542.736167,2.960539,200.000000,66.578949,200.000000,600.000000
1173,-358.947372,542.506440,-15.460539,168.098529,64.105263,231.901471,568.098529
1174,-353.157883,542.280419,3.618431,192.740968,64.684212,207.259032,592.740968
1175,-338.421021,542.063830,9.210539,200.000000,66.157898,200.000000,600.000000
1176,-285.789490,541.880924,32.894707,200.000000,71.421051,200.000000,600.000000
1177,-321.052628,541.675451,-22.039461,198.583362,67.894737,201.416638,598.583362
1178,-306.842117,541.479072,8.881569,200.000000,69.315788,200.000000,600.000000
1179,-325.263138,541.270903,-11.513138,200.000000,67.473686,200.000000,600.000000
1180,-311.578979,541.071493,8.552599,200.000000,68.842102,200.000000,600.000000
1181,-343.684235,540.851535,-20.065784,177.101516,65.631577,222.898484,577.101516
1182,-312.631607,540.651451,19.407892,200.000000,68.736839,200.000000,600.000000
1183,-337.368393,540.435535,-15.460491,187.606651,66.263161,212.393349,587.606651
1184,-292.631607,540.248251,27.960491,200.000000,70.736839,200.000000,600.000000
1185,-306.315765,540.052209,-8.552599,200.000000,69.368423,200.000000,600.000000
1186,-301.052628,539.859535,3.289461,200.000000,69.894737,200.000000,600.000000
1187,-290.526352,539.673598,6.578922,200.000000,70.947365,200.000000,600.000000
1188,-199.473648,539.545935,56.907940,200.000000,80.052635,200.000000,600.000000
1189,-198.947372,539.418609,0.328922,200.000000,80.105263,200.000000,600.000000
1190,-155.263138,539.319240,27.302647,200.000000,84.473686,200.000000,600.000000
1191,-94.210510,539.258945,38.157892,200.000000,90.578949,200.000000,600.000000
1192,-70.000000,539.214145,15.131569,200.000000,93.000000,200.000000,600.000000
1193,26.842117,539.231324,60.526323,200.000000,102.684212,200.000000,600.000000
1194,90.526352,539.289261,39.802647,200.000000,109.052635,200.000000,600.000000
1195,289.473724,539.474524,124.342108,200.000000,128.947372,200.000000,600.000000
1196,556.842041,539.830903,167.105198,200.000000,155.684204,200.000000,600.000000
1197,728.421021,540.297093,107.236862,200.000000,172.842102,200.000000,600.000000
1198,1053.157959,540.971114,202.960587,200.000000,205.315796,200.000000,600.000000
1199,1506.315765,541.935156,283.223629,200.000000,250.631577,200.000000,600.000000
1200,2011.578979,543.222567,315.789509,200.000000,301.157898,200.000000,600.000000
1201,2786.842041,545.006145,484.539413,200.000000,378.684204,200.000000,600.000000
1202,3546.842041,547.276124,475.000000,200.000000,454.684204,200.000000,600.000000
1203,4530.526123,550.175661,614.802551,200.000000,553.052612,200.000000,600.000000
1204,5708.947144,553.829387,736.513138,200.000000,670.894714,200.000000,600.000000
1205,8078.421021,558.999577,1480.921173,200.000000,907.842102,200.000000,600.000000
1206,9730.526123,565.227113,1032.565689,200.000000,1073.052612,200.000000,600.000000
1207,10908.947754,572.208840,736.513519,200.000000,1190.894775,200.000000,600.000000
1208,11783.157959,579.750061,546.381378,200.000000,1278.315796,200.000000,600.000000
1209,12028.421631,587.448251,153.289795,200.000000,1302.842163,200.000000,600.000000
1210,11697.368164,594.934567,-206.908417,200.000000,1269.736816,200.000000,600.000000
1211,11064.210205,602.015661,-395.723724,200.000000,1206.421021,200.000000,600.000000
1212,10815.789795,608.937767,-155.262756,200.000000,1181.578979,200.000000,600.000000
1213,10518.421631,615.669556,-185.855103,200.000000,1151.842163,200.000000,600.000000
1214,10130.526123,622.153093,-242.434692,200.000000,1113.052612,200.000000,600.000000
1215,9507.894287,628.238145,-389.144897,200.000000,1050.789429,200.000000,600.000000
1216,8745.789185,633.835451,-476.315689,200.000000,974.578918,200.000000,600.000000
1217,7618.947144,638.711577,-704.276276,200.000000,861.894714,200.000000,600.000000
1218,6066.315918,642.594019,-970.394516,200.000000,706.631592,200.000000,600.000000
1219,4081.052551,645.205893,-1240.789604,200.000000,508.105255,200.000000,600.000000
1220,2811.052551,647.004966,-793.750000,200.000000,381.105255,200.000000,600.000000
1221,2162.631531,648.389050,-405.263138,200.000000,316.263153,200.000000,600.000000
1222,1819.473572,649.553513,-214.473724,200.000000,281.947357,200.000000,600.000000
1223,1442.631531,650.476798,-235.526276,200.000000,244.263153,200.000000,600.000000
1224,1120.000000,651.193598,-201.644707,200.000000,212.000000,200.000000,600.000000
1225,854.736786,651.740629,-165.789509,200.000000,185.473679,200.000000,600.000000
1226,665.263214,652.166398,-118.420982,200.000000,166.526321,200.000000,600.000000
1227,457.894745,652.459450,-129.605293,200.000000,145.789474,200.000000,600.000000
1228,351.578979,652.684461,-66.447353,200.000000,135.157898,200.000000,600.000000
1229,107.368393,652.753177,-152.631617,200.000000,110.736839,200.000000,600.000000
1230,0.000000,652.753177,-67.105246,200.000000,100.000000,200.000000,600.000000
1231,-72.105255,652.707029,-45.065784,200.000000,92.789474,200.000000,600.000000
1232,-40.000000,652.681429,20.065784,200.000000,96.000000,200.000000,600.000000
1233,-99.473648,652.617766,-37.171030,200.000000,90.052635,200.000000,600.000000
1234,-123.157883,652.538945,-14.802647,200.000000,87.684212,200.000000,600.000000
1235,-151.578979,652.441934,-17.763186,200.000000,84.842102,200.000000,600.000000
1236,-212.105255,652.306187,-37.828922,200.000000,78.789474,200.000000,600.000000
1237,-258.947372,652.140461,-29.276323,200.000000,74.105263,200.000000,600.000000
1238,-274.210510,651.964966,-9.539461,200.000000,72.578949,200.000000,600.000000
1239,-263.684235,651.796208,6.578922,200.000000,73.631577,200.000000,600.000000
1240,-321.578979,651.590398,-36.184216,200.000000,67.842102,200.000000,600.000000
1241,-345.789490,651.369092,-15.131569,200.000000,65.421051,200.000000,600.000000
1242,-317.368393,651.165977,17.763186,200.000000,68.263161,200.000000,600.000000
1243,-287.368393,650.982061,18.750000,200.000000,71.263161,200.000000,600.000000
1244,-304.210510,650.787366,-10.526323,200.000000,69.578949,200.000000,600.000000
